地区1,地区2,地区3,備考,,もやすごみ,生ごみ,びん・カン,プラマークごみ,ペットボトル,こわすごみ,危険ごみ,布類,うめるごみ
青竹町,,,,吉田方校区,"火金,-2026/01/02","火金,-2026/01/02","木,-2026/01/01",水,水,2026/01/19#28,2026/01/14#28,2026/03/02#56,2026/01/12#56
飽海町,,,,八町校区,"月木,-2026/01/01","月木,-2026/01/01","金,-2026/01/02",水,水,2026/01/27#28,2026/01/21#28,2026/02/10#56,2026/02/03#56
曙町,字測点,,,幸校区,"月木,-2026/01/01","月木,-2026/01/01","金,-2026/01/02",水,水,2026/01/20#28,2026/01/21#28,2026/01/27#56,2026/03/03#56
曙町,字松並,1～30-9999,,高師校区,"火金,-2026/01/02","火金,-2026/01/02","木,-2026/01/01",水,水,2026/01/26#28,2026/01/28#28,2026/02/02#56,2026/02/09#56
曙町,字松並,101～101-9999,,高師校区,"火金,-2026/01/02","火金,-2026/01/02","木,-2026/01/01",水,水,2026/01/26#28,2026/01/28#28,2026/02/02#56,2026/02/09#56
曙町,字松並,301～311-9999,,高師校区,"火金,-2026/01/02","火金,-2026/01/02","木,-2026/01/01",水,水,2026/01/26#28,2026/01/28#28,2026/02/02#56,2026/02/09#56
曙町,字松並,上記以外,,栄校区,"月木,-2026/01/01","月木,-2026/01/01","金,-2026/01/02",水,水,2026/01/13#28,2026/02/04#28,2026/02/24#56,2026/01/20#56
曙町,字南松原,,,幸校区,"月木,-2026/01/01","月木,-2026/01/01","金,-2026/01/02",水,水,2026/01/20#28,2026/01/21#28,2026/01/27#56,2026/03/03#56
曙町,字宮前,,,高師校区,"火金,-2026/01/02","火金,-2026/01/02","木,-2026/01/01",水,水,2026/01/26#28,2026/01/28#28,2026/02/02#56,2026/02/09#56
曙町,字若松,,,幸校区,"月木,-2026/01/01","月木,-2026/01/01","金,-2026/01/02",水,水,2026/01/20#28,2026/01/21#28,2026/01/27#56,2026/03/03#56
明海町,,,,大崎校区,"火金,-2026/01/02","火金,-2026/01/02","木,-2026/01/01",水,水,2026/01/19#28,2026/01/14#28,2026/03/02#56,2026/01/12#56
朝丘町,,,,東田校区,"火金,-2026/01/02","火金,-2026/01/02","木,-2026/01/01",水,水,2026/01/12#28,2026/01/14#28,2026/01/19#56,2026/02/23#56
旭本町,,,,八町校区,"月木,-2026/01/01","月木,-2026/01/01","金,-2026/01/02",水,水,2026/01/27#28,2026/01/21#28,2026/02/10#56,2026/02/03#56
旭町,,,,八町校区,"月木,-2026/01/01","月木,-2026/01/01","金,-2026/01/02",水,水,2026/01/27#28,2026/01/21#28,2026/02/10#56,2026/02/03#56
旭町,字旭,,,旭校区,"月木,-2026/01/01","月木,-2026/01/01","金,-2026/01/02",水,水,2026/01/13#28,2026/02/04#28,2026/02/24#56,2026/01/20#56
旭町,字餌指,1～9-9999,,旭校区,"月木,-2026/01/01","月木,-2026/01/01","金,-2026/01/02",水,水,2026/01/13#28,2026/02/04#28,2026/02/24#56,2026/01/20#56
旭町,字餌指,10～33-9999,,八町校区,"月木,-2026/01/01","月木,-2026/01/01","金,-2026/01/02",水,水,2026/01/27#28,2026/01/21#28,2026/02/10#56,2026/02/03#56
芦原町,,,,芦原校区,"月木,-2026/01/01","月木,-2026/01/01","金,-2026/01/02",水,水,2026/02/03#28,2026/02/04#28,2026/02/17#56,2026/01/13#56
東田町,下記以外,,,東田校区,"火金,-2026/01/02","火金,-2026/01/02","木,-2026/01/01",水,水,2026/01/12#28,2026/01/14#28,2026/01/19#56,2026/02/23#56
東田町,字井原,,,岩田校区,"火金,-2026/01/02","火金,-2026/01/02","木,-2026/01/01",水,水,2026/01/19#28,2026/01/14#28,2026/03/02#56,2026/01/12#56
東田町,字北臨済寺,1～1-9999,,旭校区,"月木,-2026/01/01","月木,-2026/01/01","金,-2026/01/02",水,水,2026/01/13#28,2026/02/04#28,2026/02/24#56,2026/01/20#56
東田町,字北臨済寺,22-4～67-9999,,東田校区,"火金,-2026/01/02","火金,-2026/01/02","木,-2026/01/01",水,水,2026/01/12#28,2026/01/14#28,2026/01/19#56,2026/02/23#56
東田町,字北蓮田,,,旭校区,"月木,-2026/01/01","月木,-2026/01/01","金,-2026/01/02",水,水,2026/01/13#28,2026/02/04#28,2026/02/24#56,2026/01/20#56
東田町,字西前山,旭校区,※校区が不明な場合は、校区検索< http://www.city.toyohashi.lg.jp/12080.htm >またはゼロカーボンシティ推進課　電話：0532-51-2399 へお問い合わせください。,旭校区,"月木,-2026/01/01","月木,-2026/01/01","金,-2026/01/02",水,水,2026/01/13#28,2026/02/04#28,2026/02/24#56,2026/01/20#56
東田町,字西前山,東田校区,※校区が不明な場合は、校区検索< http://www.city.toyohashi.lg.jp/12080.htm >またはゼロカーボンシティ推進課　電話：0532-51-2399 へお問い合わせください。,東田校区,"火金,-2026/01/02","火金,-2026/01/02","木,-2026/01/01",水,水,2026/01/12#28,2026/01/14#28,2026/01/19#56,2026/02/23#56
東田町,字西脇,八町校区,※校区が不明な場合は、校区検索< http://www.city.toyohashi.lg.jp/12080.htm >またはゼロカーボンシティ推進課　電話：0532-51-2399 へお問い合わせください。,八町校区,"月木,-2026/01/01","月木,-2026/01/01","金,-2026/01/02",水,水,2026/01/27#28,2026/01/21#28,2026/02/10#56,2026/02/03#56
東田町,字西脇,東田校区,※校区が不明な場合は、校区検索< http://www.city.toyohashi.lg.jp/12080.htm >またはゼロカーボンシティ推進課　電話：0532-51-2399 へお問い合わせください。,東田校区,"火金,-2026/01/02","火金,-2026/01/02","木,-2026/01/01",水,水,2026/01/12#28,2026/01/14#28,2026/01/19#56,2026/02/23#56
東田町,字東前山,1～7-9999,,東田校区,"火金,-2026/01/02","火金,-2026/01/02","木,-2026/01/01",水,水,2026/01/12#28,2026/01/14#28,2026/01/19#56,2026/02/23#56
東田町,字東前山,8～29-9999,,旭校区,"月木,-2026/01/01","月木,-2026/01/01","金,-2026/01/02",水,水,2026/01/13#28,2026/02/04#28,2026/02/24#56,2026/01/20#56
東田町,字前畑,,,旭校区,"月木,-2026/01/01","月木,-2026/01/01","金,-2026/01/02",水,水,2026/01/13#28,2026/02/04#28,2026/02/24#56,2026/01/20#56
東田中郷町,,,,東田校区,"火金,-2026/01/02","火金,-2026/01/02","木,-2026/01/01",水,水,2026/01/12#28,2026/01/14#28,2026/01/19#56,2026/02/23#56
東田仲の町,,,,東田校区,"火金,-2026/01/02","火金,-2026/01/02","木,-2026/01/01",水,水,2026/01/12#28,2026/01/14#28,2026/01/19#56,2026/02/23#56
吾妻町,,,,東田校区,"火金,-2026/01/02","火金,-2026/01/02","木,-2026/01/01",水,水,2026/01/12#28,2026/01/14#28,2026/01/19#56,2026/02/23#56
池見町,,,,旭校区,"月木,-2026/01/01","月木,-2026/01/01","金,-2026/01/02",水,水,2026/01/13#28,2026/02/04#28,2026/02/24#56,2026/01/20#56
伊古部町,,,,高豊校区,"火金,-2026/01/02","火金,-2026/01/02","木,-2026/01/01",水,水,2026/01/12#28,2026/01/14#28,2026/01/19#56,2026/02/23#56
石巻小野田町,,,,西郷校区,"火金,-2026/01/02","火金,-2026/01/02","木,-2026/01/01",水,水,2026/02/02#28,2026/01/28#28,2026/01/26#56,2026/02/16#56
石巻町,,,,石巻校区,"火金,-2026/01/02","火金,-2026/01/02","木,-2026/01/01",水,水,2026/01/12#28,2026/01/14#28,2026/01/19#56,2026/02/23#56
石巻中山町,,,,西郷校区,"火金,-2026/01/02","火金,-2026/01/02","木,-2026/01/01",水,水,2026/02/02#28,2026/01/28#28,2026/01/26#56,2026/02/16#56
石巻西川町,,,,西郷校区,"火金,-2026/01/02","火金,-2026/01/02","木,-2026/01/01",水,水,2026/02/02#28,2026/01/28#28,2026/01/26#56,2026/02/16#56
石巻萩平町,,,,西郷校区,"火金,-2026/01/02","火金,-2026/01/02","木,-2026/01/01",水,水,2026/02/02#28,2026/01/28#28,2026/01/26#56,2026/02/16#56
石巻平野町,,,,西郷校区,"火金,-2026/01/02","火金,-2026/01/02","木,-2026/01/01",水,水,2026/02/02#28,2026/01/28#28,2026/01/26#56,2026/02/16#56
石巻本町,,,,玉川校区,"火金,-2026/01/02","火金,-2026/01/02","木,-2026/01/01",水,水,2026/01/19#28,2026/01/14#28,2026/03/02#56,2026/01/12#56
磯辺下地町,下記以外,,,磯辺校区,"月木,-2026/01/01","月木,-2026/01/01","金,-2026/01/02",水,水,2026/02/03#28,2026/02/04#28,2026/02/17#56,2026/01/13#56
磯辺下地町,字葭山,1～13-9999,,芦原校区,"月木,-2026/01/01","月木,-2026/01/01","金,-2026/01/02",水,水,2026/02/03#28,2026/02/04#28,2026/02/17#56,2026/01/13#56
磯辺下地町,字葭山,14～74-9999,,磯辺校区,"月木,-2026/01/01","月木,-2026/01/01","金,-2026/01/02",水,水,2026/02/03#28,2026/02/04#28,2026/02/17#56,2026/01/13#56
市場一丁目,,,,牟呂校区,"火金,-2026/01/02","火金,-2026/01/02","木,-2026/01/01",水,水,2026/01/26#28,2026/01/28#28,2026/02/02#56,2026/02/09#56
一色町,,,,磯辺校区,"月木,-2026/01/01","月木,-2026/01/01","金,-2026/01/02",水,水,2026/02/03#28,2026/02/04#28,2026/02/17#56,2026/01/13#56
井原町,下記以外,,,岩田校区,"火金,-2026/01/02","火金,-2026/01/02","木,-2026/01/01",水,水,2026/01/19#28,2026/01/14#28,2026/03/02#56,2026/01/12#56
井原町,7-3,,,東田校区,"火金,-2026/01/02","火金,-2026/01/02","木,-2026/01/01",水,水,2026/01/12#28,2026/01/14#28,2026/01/19#56,2026/02/23#56
今橋町,,,,八町校区,"月木,-2026/01/01","月木,-2026/01/01","金,-2026/01/02",水,水,2026/01/27#28,2026/01/21#28,2026/02/10#56,2026/02/03#56
飯村北一丁目～五丁目,,,,飯村校区,"月木,-2026/01/01","月木,-2026/01/01","金,-2026/01/02",水,水,2026/02/03#28,2026/02/04#28,2026/02/17#56,2026/01/13#56
飯村町,,,,飯村校区,"月木,-2026/01/01","月木,-2026/01/01","金,-2026/01/02",水,水,2026/02/03#28,2026/02/04#28,2026/02/17#56,2026/01/13#56
飯村南一丁目～五丁目,,,,飯村校区,"月木,-2026/01/01","月木,-2026/01/01","金,-2026/01/02",水,水,2026/02/03#28,2026/02/04#28,2026/02/17#56,2026/01/13#56
入船町,下記以外,,,福岡校区,"月木,-2026/01/01","月木,-2026/01/01","金,-2026/01/02",水,水,2026/01/20#28,2026/01/21#28,2026/01/27#56,2026/03/03#56
入船町,10～54-9999,,,羽根井校区,"月木,-2026/01/01","月木,-2026/01/01","金,-2026/01/02",水,水,2026/01/13#28,2026/02/04#28,2026/02/24#56,2026/01/20#56
入船町,62～69-9999,,,羽根井校区,"月木,-2026/01/01","月木,-2026/01/01","金,-2026/01/02",水,水,2026/01/13#28,2026/02/04#28,2026/02/24#56,2026/01/20#56
入船町,71～71-9999,,,羽根井校区,"月木,-2026/01/01","月木,-2026/01/01","金,-2026/01/02",水,水,2026/01/13#28,2026/02/04#28,2026/02/24#56,2026/01/20#56
岩崎町,,,,多米校区,"火金,-2026/01/02","火金,-2026/01/02","木,-2026/01/01",水,水,2026/01/26#28,2026/01/28#28,2026/02/02#56,2026/02/09#56
岩田町,下記以外,,,岩田校区,"火金,-2026/01/02","火金,-2026/01/02","木,-2026/01/01",水,水,2026/01/19#28,2026/01/14#28,2026/03/02#56,2026/01/12#56
岩田町,字影岩,,,多米校区,"火金,-2026/01/02","火金,-2026/01/02","木,-2026/01/01",水,水,2026/01/26#28,2026/01/28#28,2026/02/02#56,2026/02/09#56
岩田町,字道合,,,東田校区,"火金,-2026/01/02","火金,-2026/01/02","木,-2026/01/01",水,水,2026/01/12#28,2026/01/14#28,2026/01/19#56,2026/02/23#56
岩田町,字宮下,,,東田校区,"火金,-2026/01/02","火金,-2026/01/02","木,-2026/01/01",水,水,2026/01/12#28,2026/01/14#28,2026/01/19#56,2026/02/23#56
岩屋町,字岩屋下,飯村校区,※校区が不明な場合は、校区検索< http://www.city.toyohashi.lg.jp/12080.htm >またはゼロカーボンシティ推進課　電話：0532-51-2399 へお問い合わせください。,飯村校区,"月木,-2026/01/01","月木,-2026/01/01","金,-2026/01/02",水,水,2026/02/03#28,2026/02/04#28,2026/02/17#56,2026/01/13#56
岩屋町,字岩屋下,岩西校区,※校区が不明な場合は、校区検索< http://www.city.toyohashi.lg.jp/12080.htm >またはゼロカーボンシティ推進課　電話：0532-51-2399 へお問い合わせください。,岩西校区,"月木,-2026/01/01","月木,-2026/01/01","金,-2026/01/02",水,水,2026/01/13#28,2026/02/04#28,2026/02/24#56,2026/01/20#56
岩屋町,字岩屋西,飯村校区,※校区が不明な場合は、校区検索< http://www.city.toyohashi.lg.jp/12080.htm >またはゼロカーボンシティ推進課　電話：0532-51-2399 へお問い合わせください。,飯村校区,"月木,-2026/01/01","月木,-2026/01/01","金,-2026/01/02",水,水,2026/02/03#28,2026/02/04#28,2026/02/17#56,2026/01/13#56
岩屋町,字岩屋西,岩西校区,※校区が不明な場合は、校区検索< http://www.city.toyohashi.lg.jp/12080.htm >またはゼロカーボンシティ推進課　電話：0532-51-2399 へお問い合わせください。,岩西校区,"月木,-2026/01/01","月木,-2026/01/01","金,-2026/01/02",水,水,2026/01/13#28,2026/02/04#28,2026/02/24#56,2026/01/20#56
上地町,,,,東田校区,"火金,-2026/01/02","火金,-2026/01/02","木,-2026/01/01",水,水,2026/01/12#28,2026/01/14#28,2026/01/19#56,2026/02/23#56
植田町,,,,植田校区,"火金,-2026/01/02","火金,-2026/01/02","木,-2026/01/01",水,水,2026/01/19#28,2026/01/14#28,2026/03/02#56,2026/01/12#56
上野町,,,,高師校区,"火金,-2026/01/02","火金,-2026/01/02","木,-2026/01/01",水,水,2026/01/26#28,2026/01/28#28,2026/02/02#56,2026/02/09#56
魚町,,,,新川校区,"月木,-2026/01/01","月木,-2026/01/01","金,-2026/01/02",水,水,2026/01/20#28,2026/01/21#28,2026/01/27#56,2026/03/03#56
牛川町,下記以外,,,牛川校区,"火金,-2026/01/02","火金,-2026/01/02","木,-2026/01/01",水,水,2026/01/12#28,2026/01/14#28,2026/01/19#56,2026/02/23#56
牛川町,字池下,,,鷹丘校区,"火金,-2026/01/02","火金,-2026/01/02","木,-2026/01/01",水,水,2026/01/26#28,2026/01/28#28,2026/02/02#56,2026/02/09#56
牛川町,字押川,,,鷹丘校区,"火金,-2026/01/02","火金,-2026/01/02","木,-2026/01/01",水,水,2026/01/26#28,2026/01/28#28,2026/02/02#56,2026/02/09#56
牛川町,字寺前,,,鷹丘校区,"火金,-2026/01/02","火金,-2026/01/02","木,-2026/01/01",水,水,2026/01/26#28,2026/01/28#28,2026/02/02#56,2026/02/09#56
牛川町,字乗小路,,,鷹丘校区,"火金,-2026/01/02","火金,-2026/01/02","木,-2026/01/01",水,水,2026/01/26#28,2026/01/28#28,2026/02/02#56,2026/02/09#56
牛川町,字東仲田,,,鷹丘校区,"火金,-2026/01/02","火金,-2026/01/02","木,-2026/01/01",水,水,2026/01/26#28,2026/01/28#28,2026/02/02#56,2026/02/09#56
牛川通一丁目～四丁目,,,,牛川校区,"火金,-2026/01/02","火金,-2026/01/02","木,-2026/01/01",水,水,2026/01/12#28,2026/01/14#28,2026/01/19#56,2026/02/23#56
牛川通五丁目,牛川校区,,※校区が不明な場合は、校区検索< http://www.city.toyohashi.lg.jp/12080.htm >またはゼロカーボンシティ推進課　電話：0532-51-2399 へお問い合わせください。,牛川校区,"火金,-2026/01/02","火金,-2026/01/02","木,-2026/01/01",水,水,2026/01/12#28,2026/01/14#28,2026/01/19#56,2026/02/23#56
牛川通五丁目,玉川校区,,※校区が不明な場合は、校区検索< http://www.city.toyohashi.lg.jp/12080.htm >またはゼロカーボンシティ推進課　電話：0532-51-2399 へお問い合わせください。,玉川校区,"火金,-2026/01/02","火金,-2026/01/02","木,-2026/01/01",水,水,2026/01/19#28,2026/01/14#28,2026/03/02#56,2026/01/12#56
牛川薬師町,,,,牛川校区,"火金,-2026/01/02","火金,-2026/01/02","木,-2026/01/01",水,水,2026/01/12#28,2026/01/14#28,2026/01/19#56,2026/02/23#56
内張町,,,,磯辺校区,"月木,-2026/01/01","月木,-2026/01/01","金,-2026/01/02",水,水,2026/02/03#28,2026/02/04#28,2026/02/17#56,2026/01/13#56
雲谷町,下記以外,,,谷川校区,"月木,-2026/01/01","月木,-2026/01/01","金,-2026/01/02",水,水,2026/01/27#28,2026/01/21#28,2026/02/10#56,2026/02/03#56
雲谷町,字上ノ山,谷川校区,※校区が不明な場合は、校区検索< http://www.city.toyohashi.lg.jp/12080.htm >またはゼロカーボンシティ推進課　電話：0532-51-2399 へお問い合わせください。,谷川校区,"月木,-2026/01/01","月木,-2026/01/01","金,-2026/01/02",水,水,2026/01/27#28,2026/01/21#28,2026/02/10#56,2026/02/03#56
雲谷町,字上ノ山,二川校区,※校区が不明な場合は、校区検索< http://www.city.toyohashi.lg.jp/12080.htm >またはゼロカーボンシティ推進課　電話：0532-51-2399 へお問い合わせください。,二川校区,"月木,-2026/01/01","月木,-2026/01/01","金,-2026/01/02",水,水,2026/01/13#28,2026/02/04#28,2026/02/24#56,2026/01/20#56
雲谷町,字新外ノ谷,,,二川校区,"月木,-2026/01/01","月木,-2026/01/01","金,-2026/01/02",水,水,2026/01/13#28,2026/02/04#28,2026/02/24#56,2026/01/20#56
雲谷町,字外ノ谷,,,二川校区,"月木,-2026/01/01","月木,-2026/01/01","金,-2026/01/02",水,水,2026/01/13#28,2026/02/04#28,2026/02/24#56,2026/01/20#56
雲谷町,字ハシヅメ,,,二川校区,"月木,-2026/01/01","月木,-2026/01/01","金,-2026/01/02",水,水,2026/01/13#28,2026/02/04#28,2026/02/24#56,2026/01/20#56
雲谷町,字ハシズメ,,,二川校区,"月木,-2026/01/01","月木,-2026/01/01","金,-2026/01/02",水,水,2026/01/13#28,2026/02/04#28,2026/02/24#56,2026/01/20#56
雲谷町,字橋詰,,,二川校区,"月木,-2026/01/01","月木,-2026/01/01","金,-2026/01/02",水,水,2026/01/13#28,2026/02/04#28,2026/02/24#56,2026/01/20#56
梅薮町,,,,前芝校区,"火金,-2026/01/02","火金,-2026/01/02","木,-2026/01/01",水,水,2026/02/02#28,2026/01/28#28,2026/01/26#56,2026/02/16#56
梅薮西町,,,,前芝校区,"火金,-2026/01/02","火金,-2026/01/02","木,-2026/01/01",水,水,2026/02/02#28,2026/01/28#28,2026/01/26#56,2026/02/16#56
瓜郷町,,,,津田校区,"火金,-2026/01/02","火金,-2026/01/02","木,-2026/01/01",水,水,2026/01/26#28,2026/01/28#28,2026/02/02#56,2026/02/09#56
駅前大通一丁目～三丁目,,,,松山校区,"月木,-2026/01/01","月木,-2026/01/01","金,-2026/01/02",水,水,2026/01/27#28,2026/01/21#28,2026/02/10#56,2026/02/03#56
江島町,,,,幸校区,"月木,-2026/01/01","月木,-2026/01/01","金,-2026/01/02",水,水,2026/01/20#28,2026/01/21#28,2026/01/27#56,2026/03/03#56
老津町,下記以外,,,老津校区,"火金,-2026/01/02","火金,-2026/01/02","木,-2026/01/01",水,水,2026/01/19#28,2026/01/14#28,2026/03/02#56,2026/01/12#56
老津町,字中原,1～66-9999,,老津校区,"火金,-2026/01/02","火金,-2026/01/02","木,-2026/01/01",水,水,2026/01/19#28,2026/01/14#28,2026/03/02#56,2026/01/12#56
老津町,字中原,上記以外,,富士見校区,"火金,-2026/01/02","火金,-2026/01/02","木,-2026/01/01",水,水,2026/01/12#28,2026/01/14#28,2026/01/19#56,2026/02/23#56
老松町,5～195-9999,,,旭校区,"月木,-2026/01/01","月木,-2026/01/01","金,-2026/01/02",水,水,2026/01/13#28,2026/02/04#28,2026/02/24#56,2026/01/20#56
老松町,196～197-9999,,,向山校区,"月木,-2026/01/01","月木,-2026/01/01","金,-2026/01/02",水,水,2026/02/03#28,2026/02/04#28,2026/02/17#56,2026/01/13#56
往完町,,,,羽根井校区,"月木,-2026/01/01","月木,-2026/01/01","金,-2026/01/02",水,水,2026/01/13#28,2026/02/04#28,2026/02/24#56,2026/01/20#56
大井町,,,,向山校区,"月木,-2026/01/01","月木,-2026/01/01","金,-2026/01/02",水,水,2026/02/03#28,2026/02/04#28,2026/02/17#56,2026/01/13#56
大岩町,字荒古,,,二川南校区,"月木,-2026/01/01","月木,-2026/01/01","金,-2026/01/02",水,水,2026/01/27#28,2026/01/21#28,2026/02/10#56,2026/02/03#56
大岩町,字岩田,,,二川南校区,"月木,-2026/01/01","月木,-2026/01/01","金,-2026/01/02",水,水,2026/01/27#28,2026/01/21#28,2026/02/10#56,2026/02/03#56
大岩町,字大穴,,,二川南校区,"月木,-2026/01/01","月木,-2026/01/01","金,-2026/01/02",水,水,2026/01/27#28,2026/01/21#28,2026/02/10#56,2026/02/03#56
大岩町,字行田,1～5-9999,,二川南校区,"月木,-2026/01/01","月木,-2026/01/01","金,-2026/01/02",水,水,2026/01/27#28,2026/01/21#28,2026/02/10#56,2026/02/03#56
大岩町,字行田,13～14,,二川校区,"月木,-2026/01/01","月木,-2026/01/01","金,-2026/01/02",水,水,2026/01/13#28,2026/02/04#28,2026/02/24#56,2026/01/20#56
大岩町,字小山塚,,,二川南校区,"月木,-2026/01/01","月木,-2026/01/01","金,-2026/01/02",水,水,2026/01/27#28,2026/01/21#28,2026/02/10#56,2026/02/03#56
大岩町,字北田,,,二川南校区,"月木,-2026/01/01","月木,-2026/01/01","金,-2026/01/02",水,水,2026/01/27#28,2026/01/21#28,2026/02/10#56,2026/02/03#56
大岩町,字北元屋敷,,,二川校区,"月木,-2026/01/01","月木,-2026/01/01","金,-2026/01/02",水,水,2026/01/13#28,2026/02/04#28,2026/02/24#56,2026/01/20#56
大岩町,字北山,二川校区,※校区が不明な場合は、校区検索< http://www.city.toyohashi.lg.jp/12080.htm >またはゼロカーボンシティ推進課　電話：0532-51-2399 へお問い合わせください。,二川校区,"月木,-2026/01/01","月木,-2026/01/01","金,-2026/01/02",水,水,2026/01/13#28,2026/02/04#28,2026/02/24#56,2026/01/20#56
大岩町,字北山,飯村校区,※校区が不明な場合は、校区検索< http://www.city.toyohashi.lg.jp/12080.htm >またはゼロカーボンシティ推進課　電話：0532-51-2399 へお問い合わせください。,飯村校区,"月木,-2026/01/01","月木,-2026/01/01","金,-2026/01/02",水,水,2026/02/03#28,2026/02/04#28,2026/02/17#56,2026/01/13#56
大岩町,字久保田,二川校区,※校区が不明な場合は、校区検索< http://www.city.toyohashi.lg.jp/12080.htm >またはゼロカーボンシティ推進課　電話：0532-51-2399 へお問い合わせください。,二川校区,"月木,-2026/01/01","月木,-2026/01/01","金,-2026/01/02",水,水,2026/01/13#28,2026/02/04#28,2026/02/24#56,2026/01/20#56
大岩町,字久保田,二川南校区,※校区が不明な場合は、校区検索< http://www.city.toyohashi.lg.jp/12080.htm >またはゼロカーボンシティ推進課　電話：0532-51-2399 へお問い合わせください。,二川南校区,"月木,-2026/01/01","月木,-2026/01/01","金,-2026/01/02",水,水,2026/01/27#28,2026/01/21#28,2026/02/10#56,2026/02/03#56
大岩町,字車田,,,二川南校区,"月木,-2026/01/01","月木,-2026/01/01","金,-2026/01/02",水,水,2026/01/27#28,2026/01/21#28,2026/02/10#56,2026/02/03#56
大岩町,字黒下,,,二川南校区,"月木,-2026/01/01","月木,-2026/01/01","金,-2026/01/02",水,水,2026/01/27#28,2026/01/21#28,2026/02/10#56,2026/02/03#56
大岩町,字境目,,,飯村校区,"月木,-2026/01/01","月木,-2026/01/01","金,-2026/01/02",水,水,2026/02/03#28,2026/02/04#28,2026/02/17#56,2026/01/13#56
大岩町,字沢渡,1～38,,二川南校区,"月木,-2026/01/01","月木,-2026/01/01","金,-2026/01/02",水,水,2026/01/27#28,2026/01/21#28,2026/02/10#56,2026/02/03#56
大岩町,字沢渡,40～90-9999,,二川南校区,"月木,-2026/01/01","月木,-2026/01/01","金,-2026/01/02",水,水,2026/01/27#28,2026/01/21#28,2026/02/10#56,2026/02/03#56
大岩町,字沢渡,上記以外,,二川校区,"月木,-2026/01/01","月木,-2026/01/01","金,-2026/01/02",水,水,2026/01/13#28,2026/02/04#28,2026/02/24#56,2026/01/20#56
大岩町,字下渡,,,二川南校区,"月木,-2026/01/01","月木,-2026/01/01","金,-2026/01/02",水,水,2026/01/27#28,2026/01/21#28,2026/02/10#56,2026/02/03#56
大岩町,字菅池,,,二川南校区,"月木,-2026/01/01","月木,-2026/01/01","金,-2026/01/02",水,水,2026/01/27#28,2026/01/21#28,2026/02/10#56,2026/02/03#56
大岩町,字高足道,下記以外,,二川校区,"月木,-2026/01/01","月木,-2026/01/01","金,-2026/01/02",水,水,2026/01/13#28,2026/02/04#28,2026/02/24#56,2026/01/20#56
大岩町,字高足道,50～66-9999,,二川南校区,"月木,-2026/01/01","月木,-2026/01/01","金,-2026/01/02",水,水,2026/01/27#28,2026/01/21#28,2026/02/10#56,2026/02/03#56
大岩町,字反茂,,,二川南校区,"月木,-2026/01/01","月木,-2026/01/01","金,-2026/01/02",水,水,2026/01/27#28,2026/01/21#28,2026/02/10#56,2026/02/03#56
大岩町,字佃,下記以外,,二川南校区,"月木,-2026/01/01","月木,-2026/01/01","金,-2026/01/02",水,水,2026/01/27#28,2026/01/21#28,2026/02/10#56,2026/02/03#56
大岩町,字佃,14～23-9999,,二川校区,"月木,-2026/01/01","月木,-2026/01/01","金,-2026/01/02",水,水,2026/01/13#28,2026/02/04#28,2026/02/24#56,2026/01/20#56
大岩町,字西荒田,,,二川南校区,"月木,-2026/01/01","月木,-2026/01/01","金,-2026/01/02",水,水,2026/01/27#28,2026/01/21#28,2026/02/10#56,2026/02/03#56
大岩町,字西郷内,,,二川校区,"月木,-2026/01/01","月木,-2026/01/01","金,-2026/01/02",水,水,2026/01/13#28,2026/02/04#28,2026/02/24#56,2026/01/20#56
大岩町,字火打坂,飯村校区,※校区が不明な場合は、校区検索< http://www.city.toyohashi.lg.jp/12080.htm >またはゼロカーボンシティ推進課　電話：0532-51-2399 へお問い合わせください。,飯村校区,"月木,-2026/01/01","月木,-2026/01/01","金,-2026/01/02",水,水,2026/02/03#28,2026/02/04#28,2026/02/17#56,2026/01/13#56
大岩町,字火打坂,二川校区,※校区が不明な場合は、校区検索< http://www.city.toyohashi.lg.jp/12080.htm >またはゼロカーボンシティ推進課　電話：0532-51-2399 へお問い合わせください。,二川校区,"月木,-2026/01/01","月木,-2026/01/01","金,-2026/01/02",水,水,2026/01/13#28,2026/02/04#28,2026/02/24#56,2026/01/20#56
大岩町,字東荒田,,,二川南校区,"月木,-2026/01/01","月木,-2026/01/01","金,-2026/01/02",水,水,2026/01/27#28,2026/01/21#28,2026/02/10#56,2026/02/03#56
大岩町,字東郷内,,,二川校区,"月木,-2026/01/01","月木,-2026/01/01","金,-2026/01/02",水,水,2026/01/13#28,2026/02/04#28,2026/02/24#56,2026/01/20#56
大岩町,字東畑,,,二川南校区,"月木,-2026/01/01","月木,-2026/01/01","金,-2026/01/02",水,水,2026/01/27#28,2026/01/21#28,2026/02/10#56,2026/02/03#56
大岩町,字本郷,,,二川南校区,"月木,-2026/01/01","月木,-2026/01/01","金,-2026/01/02",水,水,2026/01/27#28,2026/01/21#28,2026/02/10#56,2026/02/03#56
大岩町,字前荒田,,,二川南校区,"月木,-2026/01/01","月木,-2026/01/01","金,-2026/01/02",水,水,2026/01/27#28,2026/01/21#28,2026/02/10#56,2026/02/03#56
大岩町,字前田,,,二川南校区,"月木,-2026/01/01","月木,-2026/01/01","金,-2026/01/02",水,水,2026/01/27#28,2026/01/21#28,2026/02/10#56,2026/02/03#56
大岩町,字曲松,,,二川南校区,"月木,-2026/01/01","月木,-2026/01/01","金,-2026/01/02",水,水,2026/01/27#28,2026/01/21#28,2026/02/10#56,2026/02/03#56
大岩町,字南町裏,,,二川校区,"月木,-2026/01/01","月木,-2026/01/01","金,-2026/01/02",水,水,2026/01/13#28,2026/02/04#28,2026/02/24#56,2026/01/20#56
大岩町,字南元屋敷,,,二川校区,"月木,-2026/01/01","月木,-2026/01/01","金,-2026/01/02",水,水,2026/01/13#28,2026/02/04#28,2026/02/24#56,2026/01/20#56
大岩町,字火打坂南,,,二川校区,"月木,-2026/01/01","月木,-2026/01/01","金,-2026/01/02",水,水,2026/01/13#28,2026/02/04#28,2026/02/24#56,2026/01/20#56
大崎町,,,,大崎校区,"火金,-2026/01/02","火金,-2026/01/02","木,-2026/01/01",水,水,2026/01/19#28,2026/01/14#28,2026/03/02#56,2026/01/12#56
大清水町,字大清水,,,大清水校区,"火金,-2026/01/02","火金,-2026/01/02","木,-2026/01/01",水,水,2026/02/02#28,2026/01/28#28,2026/01/26#56,2026/02/16#56
大清水町,字彦坂,,,大清水校区,"火金,-2026/01/02","火金,-2026/01/02","木,-2026/01/01",水,水,2026/02/02#28,2026/01/28#28,2026/01/26#56,2026/02/16#56
大清水町,字娵田,下記以外,,大清水校区,"火金,-2026/01/02","火金,-2026/01/02","木,-2026/01/01",水,水,2026/02/02#28,2026/01/28#28,2026/01/26#56,2026/02/16#56
大清水町,字娵田,5-11,,植田校区,"火金,-2026/01/02","火金,-2026/01/02","木,-2026/01/01",水,水,2026/01/19#28,2026/01/14#28,2026/03/02#56,2026/01/12#56
大手町,,,,新川校区,"月木,-2026/01/01","月木,-2026/01/01","金,-2026/01/02",水,水,2026/01/20#28,2026/01/21#28,2026/01/27#56,2026/03/03#56
大橋通一丁目～三丁目,,,,松葉校区,"月木,-2026/01/01","月木,-2026/01/01","金,-2026/01/02",水,水,2026/01/27#28,2026/01/21#28,2026/02/10#56,2026/02/03#56
大村町,,,,大村校区,"火金,-2026/01/02","火金,-2026/01/02","木,-2026/01/01",水,水,2026/02/02#28,2026/01/28#28,2026/01/26#56,2026/02/16#56
大山町,,,,磯辺校区,"月木,-2026/01/01","月木,-2026/01/01","金,-2026/01/02",水,水,2026/02/03#28,2026/02/04#28,2026/02/17#56,2026/01/13#56
大脇町,,,,二川校区,"月木,-2026/01/01","月木,-2026/01/01","金,-2026/01/02",水,水,2026/01/13#28,2026/02/04#28,2026/02/24#56,2026/01/20#56
王ヶ崎町,字上原,,,中野校区,"月木,-2026/01/01","月木,-2026/01/01","金,-2026/01/02",水,水,2026/01/27#28,2026/01/21#28,2026/02/10#56,2026/02/03#56
王ヶ崎町,字王郷,,,磯辺校区,"月木,-2026/01/01","月木,-2026/01/01","金,-2026/01/02",水,水,2026/02/03#28,2026/02/04#28,2026/02/17#56,2026/01/13#56
王ヶ崎町,字北欠,,,磯辺校区,"月木,-2026/01/01","月木,-2026/01/01","金,-2026/01/02",水,水,2026/02/03#28,2026/02/04#28,2026/02/17#56,2026/01/13#56
王ヶ崎町,字北欠下,,,磯辺校区,"月木,-2026/01/01","月木,-2026/01/01","金,-2026/01/02",水,水,2026/02/03#28,2026/02/04#28,2026/02/17#56,2026/01/13#56
王ヶ崎町,字甲垂,,,中野校区,"月木,-2026/01/01","月木,-2026/01/01","金,-2026/01/02",水,水,2026/01/27#28,2026/01/21#28,2026/02/10#56,2026/02/03#56
王ヶ崎町,字汐崎,,,磯辺校区,"月木,-2026/01/01","月木,-2026/01/01","金,-2026/01/02",水,水,2026/02/03#28,2026/02/04#28,2026/02/17#56,2026/01/13#56
王ヶ崎町,字築山,,,中野校区,"月木,-2026/01/01","月木,-2026/01/01","金,-2026/01/02",水,水,2026/01/27#28,2026/01/21#28,2026/02/10#56,2026/02/03#56
王ヶ崎町,字八幡東,1～48-9999,,中野校区,"月木,-2026/01/01","月木,-2026/01/01","金,-2026/01/02",水,水,2026/01/27#28,2026/01/21#28,2026/02/10#56,2026/02/03#56
王ヶ崎町,字八幡東,49～75-9999,,磯辺校区,"月木,-2026/01/01","月木,-2026/01/01","金,-2026/01/02",水,水,2026/02/03#28,2026/02/04#28,2026/02/17#56,2026/01/13#56
王ヶ崎町,字八幡前,,,磯辺校区,"月木,-2026/01/01","月木,-2026/01/01","金,-2026/01/02",水,水,2026/02/03#28,2026/02/04#28,2026/02/17#56,2026/01/13#56
王ヶ崎町,字万福寺東,下記以外,,中野校区,"月木,-2026/01/01","月木,-2026/01/01","金,-2026/01/02",水,水,2026/01/27#28,2026/01/21#28,2026/02/10#56,2026/02/03#56
王ヶ崎町,字万福寺東,18～29-9999,,磯辺校区,"月木,-2026/01/01","月木,-2026/01/01","金,-2026/01/02",水,水,2026/02/03#28,2026/02/04#28,2026/02/17#56,2026/01/13#56
王ヶ崎町,字万福寺東,71～80-9999,,磯辺校区,"月木,-2026/01/01","月木,-2026/01/01","金,-2026/01/02",水,水,2026/02/03#28,2026/02/04#28,2026/02/17#56,2026/01/13#56
王ヶ崎町,字宮脇,,,磯辺校区,"月木,-2026/01/01","月木,-2026/01/01","金,-2026/01/02",水,水,2026/02/03#28,2026/02/04#28,2026/02/17#56,2026/01/13#56
王ヶ崎町,字四ッ塚,,,中野校区,"月木,-2026/01/01","月木,-2026/01/01","金,-2026/01/02",水,水,2026/01/27#28,2026/01/21#28,2026/02/10#56,2026/02/03#56
鍵田町,,,,福岡校区,"月木,-2026/01/01","月木,-2026/01/01","金,-2026/01/02",水,水,2026/01/20#28,2026/01/21#28,2026/01/27#56,2026/03/03#56
鍛冶町,,,,八町校区,"月木,-2026/01/01","月木,-2026/01/01","金,-2026/01/02",水,水,2026/01/27#28,2026/01/21#28,2026/02/10#56,2026/02/03#56
春日町一丁目,,,,豊校区,"月木,-2026/01/01","月木,-2026/01/01","金,-2026/01/02",水,水,2026/01/27#28,2026/01/21#28,2026/02/10#56,2026/02/03#56
春日町二丁目,,,,豊校区,"月木,-2026/01/01","月木,-2026/01/01","金,-2026/01/02",水,水,2026/01/27#28,2026/01/21#28,2026/02/10#56,2026/02/03#56
曲尺手町,,,,八町校区,"月木,-2026/01/01","月木,-2026/01/01","金,-2026/01/02",水,水,2026/01/27#28,2026/01/21#28,2026/02/10#56,2026/02/03#56
上伝馬町,,,,松葉校区,"月木,-2026/01/01","月木,-2026/01/01","金,-2026/01/02",水,水,2026/01/27#28,2026/01/21#28,2026/02/10#56,2026/02/03#56
神ノ輪町,,,,中野校区,"月木,-2026/01/01","月木,-2026/01/01","金,-2026/01/02",水,水,2026/01/27#28,2026/01/21#28,2026/02/10#56,2026/02/03#56
鴨田町,,,,福岡校区,"月木,-2026/01/01","月木,-2026/01/01","金,-2026/01/02",水,水,2026/01/20#28,2026/01/21#28,2026/01/27#56,2026/03/03#56
賀茂町,,,,賀茂校区,"火金,-2026/01/02","火金,-2026/01/02","木,-2026/01/01",水,水,2026/02/02#28,2026/01/28#28,2026/01/26#56,2026/02/16#56
萱町,,,,松山校区,"月木,-2026/01/01","月木,-2026/01/01","金,-2026/01/02",水,水,2026/01/27#28,2026/01/21#28,2026/02/10#56,2026/02/03#56
川崎町,,,,津田校区,"火金,-2026/01/02","火金,-2026/01/02","木,-2026/01/01",水,水,2026/01/26#28,2026/01/28#28,2026/02/02#56,2026/02/09#56
瓦町,（字なし）,1～39-9999,,向山校区,"月木,-2026/01/01","月木,-2026/01/01","金,-2026/01/02",水,水,2026/02/03#28,2026/02/04#28,2026/02/17#56,2026/01/13#56
瓦町,（字なし）,40-2,,向山校区,"月木,-2026/01/01","月木,-2026/01/01","金,-2026/01/02",水,水,2026/02/03#28,2026/02/04#28,2026/02/17#56,2026/01/13#56
瓦町,（字なし）,50～137-9999,,向山校区,"月木,-2026/01/01","月木,-2026/01/01","金,-2026/01/02",水,水,2026/02/03#28,2026/02/04#28,2026/02/17#56,2026/01/13#56
瓦町,（字なし）,上記以外,,旭校区,"月木,-2026/01/01","月木,-2026/01/01","金,-2026/01/02",水,水,2026/01/13#28,2026/02/04#28,2026/02/24#56,2026/01/20#56
瓦町,字道下,,,旭校区,"月木,-2026/01/01","月木,-2026/01/01","金,-2026/01/02",水,水,2026/01/13#28,2026/02/04#28,2026/02/24#56,2026/01/20#56
瓦町,字宮下,,,旭校区,"月木,-2026/01/01","月木,-2026/01/01","金,-2026/01/02",水,水,2026/01/13#28,2026/02/04#28,2026/02/24#56,2026/01/20#56
瓦町,字臨済寺前,下記以外,,旭校区,"月木,-2026/01/01","月木,-2026/01/01","金,-2026/01/02",水,水,2026/01/13#28,2026/02/04#28,2026/02/24#56,2026/01/20#56
瓦町,字臨済寺前,15～15-9999,,向山校区,"月木,-2026/01/01","月木,-2026/01/01","金,-2026/01/02",水,水,2026/02/03#28,2026/02/04#28,2026/02/17#56,2026/01/13#56
瓦町通一丁目,旭校区,,※校区が不明な場合は、校区検索< http://www.city.toyohashi.lg.jp/12080.htm >またはゼロカーボンシティ推進課　電話：0532-51-2399 へお問い合わせください。,旭校区,"月木,-2026/01/01","月木,-2026/01/01","金,-2026/01/02",水,水,2026/01/13#28,2026/02/04#28,2026/02/24#56,2026/01/20#56
瓦町通一丁目,向山校区,,※校区が不明な場合は、校区検索< http://www.city.toyohashi.lg.jp/12080.htm >またはゼロカーボンシティ推進課　電話：0532-51-2399 へお問い合わせください。,向山校区,"月木,-2026/01/01","月木,-2026/01/01","金,-2026/01/02",水,水,2026/02/03#28,2026/02/04#28,2026/02/17#56,2026/01/13#56
瓦町通二丁目,,,,向山校区,"月木,-2026/01/01","月木,-2026/01/01","金,-2026/01/02",水,水,2026/02/03#28,2026/02/04#28,2026/02/17#56,2026/01/13#56
北岩田一丁目、二丁目,,,,岩田校区,"火金,-2026/01/02","火金,-2026/01/02","木,-2026/01/01",水,水,2026/01/19#28,2026/01/14#28,2026/03/02#56,2026/01/12#56
北丘町,字北丘,1～2-9999,,栄校区,"月木,-2026/01/01","月木,-2026/01/01","金,-2026/01/02",水,水,2026/01/13#28,2026/02/04#28,2026/02/24#56,2026/01/20#56
北丘町,字北丘,5～6-9999,,福岡校区,"月木,-2026/01/01","月木,-2026/01/01","金,-2026/01/02",水,水,2026/01/20#28,2026/01/21#28,2026/01/27#56,2026/03/03#56
北側町,,,,花田校区,"月木,-2026/01/01","月木,-2026/01/01","金,-2026/01/02",水,水,2026/02/03#28,2026/02/04#28,2026/02/17#56,2026/01/13#56
北島町,,,,松葉校区,"月木,-2026/01/01","月木,-2026/01/01","金,-2026/01/02",水,水,2026/01/27#28,2026/01/21#28,2026/02/10#56,2026/02/03#56
北山町,,,,栄校区,"月木,-2026/01/01","月木,-2026/01/01","金,-2026/01/02",水,水,2026/01/13#28,2026/02/04#28,2026/02/24#56,2026/01/20#56
絹田町,,,,松葉校区,"月木,-2026/01/01","月木,-2026/01/01","金,-2026/01/02",水,水,2026/01/27#28,2026/01/21#28,2026/02/10#56,2026/02/03#56
清須町,,,,津田校区,"火金,-2026/01/02","火金,-2026/01/02","木,-2026/01/01",水,水,2026/01/26#28,2026/01/28#28,2026/02/02#56,2026/02/09#56
草間町,字郷裏,,,中野校区,"月木,-2026/01/01","月木,-2026/01/01","金,-2026/01/02",水,水,2026/01/27#28,2026/01/21#28,2026/02/10#56,2026/02/03#56
草間町,字郷西,,,磯辺校区,"月木,-2026/01/01","月木,-2026/01/01","金,-2026/01/02",水,水,2026/02/03#28,2026/02/04#28,2026/02/17#56,2026/01/13#56
草間町,字平東,,,中野校区,"月木,-2026/01/01","月木,-2026/01/01","金,-2026/01/02",水,水,2026/01/27#28,2026/01/21#28,2026/02/10#56,2026/02/03#56
草間町,字平南,,,中野校区,"月木,-2026/01/01","月木,-2026/01/01","金,-2026/01/02",水,水,2026/01/27#28,2026/01/21#28,2026/02/10#56,2026/02/03#56
草間町,字大応寺前,,,磯辺校区,"月木,-2026/01/01","月木,-2026/01/01","金,-2026/01/02",水,水,2026/02/03#28,2026/02/04#28,2026/02/17#56,2026/01/13#56
草間町,字寺東,,,磯辺校区,"月木,-2026/01/01","月木,-2026/01/01","金,-2026/01/02",水,水,2026/02/03#28,2026/02/04#28,2026/02/17#56,2026/01/13#56
草間町,字東郷,,,磯辺校区,"月木,-2026/01/01","月木,-2026/01/01","金,-2026/01/02",水,水,2026/02/03#28,2026/02/04#28,2026/02/17#56,2026/01/13#56
草間町,字二本松,,,磯辺校区,"月木,-2026/01/01","月木,-2026/01/01","金,-2026/01/02",水,水,2026/02/03#28,2026/02/04#28,2026/02/17#56,2026/01/13#56
草間町,字東山,1～74-9999,,磯辺校区,"月木,-2026/01/01","月木,-2026/01/01","金,-2026/01/02",水,水,2026/02/03#28,2026/02/04#28,2026/02/17#56,2026/01/13#56
草間町,字東山,75～138-9999,,栄校区,"月木,-2026/01/01","月木,-2026/01/01","金,-2026/01/02",水,水,2026/01/13#28,2026/02/04#28,2026/02/24#56,2026/01/20#56
草間町,字東山,139～160-9999,,磯辺校区,"月木,-2026/01/01","月木,-2026/01/01","金,-2026/01/02",水,水,2026/02/03#28,2026/02/04#28,2026/02/17#56,2026/01/13#56
下条西町,,,,下条校区,"火金,-2026/01/02","火金,-2026/01/02","木,-2026/01/01",水,水,2026/02/02#28,2026/01/28#28,2026/01/26#56,2026/02/16#56
下条東町,,,,下条校区,"火金,-2026/01/02","火金,-2026/01/02","木,-2026/01/01",水,水,2026/02/02#28,2026/01/28#28,2026/01/26#56,2026/02/16#56
小池町,（字なし）,下記以外,,福岡校区,"月木,-2026/01/01","月木,-2026/01/01","金,-2026/01/02",水,水,2026/01/20#28,2026/01/21#28,2026/01/27#56,2026/03/03#56
小池町,（字なし）,63～63-9999,,栄校区,"月木,-2026/01/01","月木,-2026/01/01","金,-2026/01/02",水,水,2026/01/13#28,2026/02/04#28,2026/02/24#56,2026/01/20#56
小池町,字安海戸,,,福岡校区,"月木,-2026/01/01","月木,-2026/01/01","金,-2026/01/02",水,水,2026/01/20#28,2026/01/21#28,2026/01/27#56,2026/03/03#56
小池町,字上ノ山,,,福岡校区,"月木,-2026/01/01","月木,-2026/01/01","金,-2026/01/02",水,水,2026/01/20#28,2026/01/21#28,2026/01/27#56,2026/03/03#56
小池町,字下リ戸,,,福岡校区,"月木,-2026/01/01","月木,-2026/01/01","金,-2026/01/02",水,水,2026/01/20#28,2026/01/21#28,2026/01/27#56,2026/03/03#56
小池町,字鍵田,,,福岡校区,"月木,-2026/01/01","月木,-2026/01/01","金,-2026/01/02",水,水,2026/01/20#28,2026/01/21#28,2026/01/27#56,2026/03/03#56
小池町,字鴨田,,,福岡校区,"月木,-2026/01/01","月木,-2026/01/01","金,-2026/01/02",水,水,2026/01/20#28,2026/01/21#28,2026/01/27#56,2026/03/03#56
小池町,字上田,,,福岡校区,"月木,-2026/01/01","月木,-2026/01/01","金,-2026/01/02",水,水,2026/01/20#28,2026/01/21#28,2026/01/27#56,2026/03/03#56
小池町,字角田,,,福岡校区,"月木,-2026/01/01","月木,-2026/01/01","金,-2026/01/02",水,水,2026/01/20#28,2026/01/21#28,2026/01/27#56,2026/03/03#56
小池町,字西海戸,,,福岡校区,"月木,-2026/01/01","月木,-2026/01/01","金,-2026/01/02",水,水,2026/01/20#28,2026/01/21#28,2026/01/27#56,2026/03/03#56
小池町,字原下,,,福岡校区,"月木,-2026/01/01","月木,-2026/01/01","金,-2026/01/02",水,水,2026/01/20#28,2026/01/21#28,2026/01/27#56,2026/03/03#56
小池町,字深田,,,福岡校区,"月木,-2026/01/01","月木,-2026/01/01","金,-2026/01/02",水,水,2026/01/20#28,2026/01/21#28,2026/01/27#56,2026/03/03#56
小池町,字曲田,,,福岡校区,"月木,-2026/01/01","月木,-2026/01/01","金,-2026/01/02",水,水,2026/01/20#28,2026/01/21#28,2026/01/27#56,2026/03/03#56
小池町,字山田川,,,福岡校区,"月木,-2026/01/01","月木,-2026/01/01","金,-2026/01/02",水,水,2026/01/20#28,2026/01/21#28,2026/01/27#56,2026/03/03#56
小島町,下記以外,,,小沢校区,"火金,-2026/01/02","火金,-2026/01/02","木,-2026/01/01",水,水,2026/02/02#28,2026/01/28#28,2026/01/26#56,2026/02/16#56
小島町,字西縄口,,,二川南校区,"月木,-2026/01/01","月木,-2026/01/01","金,-2026/01/02",水,水,2026/01/27#28,2026/01/21#28,2026/02/10#56,2026/02/03#56
小畷町,,,,新川校区,"月木,-2026/01/01","月木,-2026/01/01","金,-2026/01/02",水,水,2026/01/20#28,2026/01/21#28,2026/01/27#56,2026/03/03#56
小浜町,,,,中野校区,"月木,-2026/01/01","月木,-2026/01/01","金,-2026/01/02",水,水,2026/01/27#28,2026/01/21#28,2026/02/10#56,2026/02/03#56
駒形町,,,,磯辺校区,"月木,-2026/01/01","月木,-2026/01/01","金,-2026/01/02",水,水,2026/02/03#28,2026/02/04#28,2026/02/17#56,2026/01/13#56
小松町,,,,栄校区,"月木,-2026/01/01","月木,-2026/01/01","金,-2026/01/02",水,水,2026/01/13#28,2026/02/04#28,2026/02/24#56,2026/01/20#56
小松原町,,,,小沢校区,"火金,-2026/01/02","火金,-2026/01/02","木,-2026/01/01",水,水,2026/02/02#28,2026/01/28#28,2026/01/26#56,2026/02/16#56
小向町,,,,吉田方校区,"火金,-2026/01/02","火金,-2026/01/02","木,-2026/01/01",水,水,2026/01/19#28,2026/01/14#28,2026/03/02#56,2026/01/12#56
菰口町一丁目～六丁目,,,,吉田方校区,"火金,-2026/01/02","火金,-2026/01/02","木,-2026/01/01",水,水,2026/01/19#28,2026/01/14#28,2026/03/02#56,2026/01/12#56
呉服町,,,,新川校区,"月木,-2026/01/01","月木,-2026/01/01","金,-2026/01/02",水,水,2026/01/20#28,2026/01/21#28,2026/01/27#56,2026/03/03#56
西郷町,,,,東田校区,"火金,-2026/01/02","火金,-2026/01/02","木,-2026/01/01",水,水,2026/01/12#28,2026/01/14#28,2026/01/19#56,2026/02/23#56
栄町,,,,東田校区,"火金,-2026/01/02","火金,-2026/01/02","木,-2026/01/01",水,水,2026/01/12#28,2026/01/14#28,2026/01/19#56,2026/02/23#56
佐藤町,,,,岩西校区,"月木,-2026/01/01","月木,-2026/01/01","金,-2026/01/02",水,水,2026/01/13#28,2026/02/04#28,2026/02/24#56,2026/01/20#56
佐藤一丁目～五丁目,,,,つつじが丘校区,"月木,-2026/01/01","月木,-2026/01/01","金,-2026/01/02",水,水,2026/01/20#28,2026/01/21#28,2026/01/27#56,2026/03/03#56
三本木町,,,,高師校区,"火金,-2026/01/02","火金,-2026/01/02","木,-2026/01/01",水,水,2026/01/26#28,2026/01/28#28,2026/02/02#56,2026/02/09#56
潮崎町,,,,中野校区,"月木,-2026/01/01","月木,-2026/01/01","金,-2026/01/02",水,水,2026/01/27#28,2026/01/21#28,2026/02/10#56,2026/02/03#56
東雲町,1～12-9999,,,旭校区,"月木,-2026/01/01","月木,-2026/01/01","金,-2026/01/02",水,水,2026/01/13#28,2026/02/04#28,2026/02/24#56,2026/01/20#56
東雲町,上記以外,,,東田校区,"火金,-2026/01/02","火金,-2026/01/02","木,-2026/01/01",水,水,2026/01/12#28,2026/01/14#28,2026/01/19#56,2026/02/23#56
下五井町,,,,津田校区,"火金,-2026/01/02","火金,-2026/01/02","木,-2026/01/01",水,水,2026/01/26#28,2026/01/28#28,2026/02/02#56,2026/02/09#56
下地町,,,,下地校区,"火金,-2026/01/02","火金,-2026/01/02","木,-2026/01/01",水,水,2026/01/12#28,2026/01/14#28,2026/01/19#56,2026/02/23#56
下地町一丁目～五丁目,,,,下地校区,"火金,-2026/01/02","火金,-2026/01/02","木,-2026/01/01",水,水,2026/01/12#28,2026/01/14#28,2026/01/19#56,2026/02/23#56
白河町,,,,羽根井校区,"月木,-2026/01/01","月木,-2026/01/01","金,-2026/01/02",水,水,2026/01/13#28,2026/02/04#28,2026/02/24#56,2026/01/20#56
城下町,,,,高豊校区,"火金,-2026/01/02","火金,-2026/01/02","木,-2026/01/01",水,水,2026/01/12#28,2026/01/14#28,2026/01/19#56,2026/02/23#56
城山町,,,,磯辺校区,"月木,-2026/01/01","月木,-2026/01/01","金,-2026/01/02",水,水,2026/02/03#28,2026/02/04#28,2026/02/17#56,2026/01/13#56
新川町,,,,松山校区,"月木,-2026/01/01","月木,-2026/01/01","金,-2026/01/02",水,水,2026/01/27#28,2026/01/21#28,2026/02/10#56,2026/02/03#56
新栄町,,,,吉田方校区,"火金,-2026/01/02","火金,-2026/01/02","木,-2026/01/01",水,水,2026/01/19#28,2026/01/14#28,2026/03/02#56,2026/01/12#56
新西浜町,,,,前芝校区,"火金,-2026/01/02","火金,-2026/01/02","木,-2026/01/01",水,水,2026/02/02#28,2026/01/28#28,2026/01/26#56,2026/02/16#56
新本町,下記以外,,,松葉校区,"月木,-2026/01/01","月木,-2026/01/01","金,-2026/01/02",水,水,2026/01/27#28,2026/01/21#28,2026/02/10#56,2026/02/03#56
新本町,58～70-9999,,,松山校区,"月木,-2026/01/01","月木,-2026/01/01","金,-2026/01/02",水,水,2026/01/27#28,2026/01/21#28,2026/02/10#56,2026/02/03#56
新本町,72～143-9999,,,松山校区,"月木,-2026/01/01","月木,-2026/01/01","金,-2026/01/02",水,水,2026/01/27#28,2026/01/21#28,2026/02/10#56,2026/02/03#56
神明町,,,,新川校区,"月木,-2026/01/01","月木,-2026/01/01","金,-2026/01/02",水,水,2026/01/20#28,2026/01/21#28,2026/01/27#56,2026/03/03#56
新吉町,,,,新川校区,"月木,-2026/01/01","月木,-2026/01/01","金,-2026/01/02",水,水,2026/01/20#28,2026/01/21#28,2026/01/27#56,2026/03/03#56
神野新田町,字イノ割,,,牟呂校区,"火金,-2026/01/02","火金,-2026/01/02","木,-2026/01/01",水,水,2026/01/26#28,2026/01/28#28,2026/02/02#56,2026/02/09#56
神野新田町,字ロノ割,,,牟呂校区,"火金,-2026/01/02","火金,-2026/01/02","木,-2026/01/01",水,水,2026/01/26#28,2026/01/28#28,2026/02/02#56,2026/02/09#56
神野新田町,字ハノ割,,,牟呂校区,"火金,-2026/01/02","火金,-2026/01/02","木,-2026/01/01",水,水,2026/01/26#28,2026/01/28#28,2026/02/02#56,2026/02/09#56
神野新田町,字ニノ割,,,牟呂校区,"火金,-2026/01/02","火金,-2026/01/02","木,-2026/01/01",水,水,2026/01/26#28,2026/01/28#28,2026/02/02#56,2026/02/09#56
神野新田町,字ホノ割,,,牟呂校区,"火金,-2026/01/02","火金,-2026/01/02","木,-2026/01/01",水,水,2026/01/26#28,2026/01/28#28,2026/02/02#56,2026/02/09#56
神野新田町,字ヘノ割,,,牟呂校区,"火金,-2026/01/02","火金,-2026/01/02","木,-2026/01/01",水,水,2026/01/26#28,2026/01/28#28,2026/02/02#56,2026/02/09#56
神野新田町,字トノ割,,,牟呂校区,"火金,-2026/01/02","火金,-2026/01/02","木,-2026/01/01",水,水,2026/01/26#28,2026/01/28#28,2026/02/02#56,2026/02/09#56
神野新田町,字チノ割,,,牟呂校区,"火金,-2026/01/02","火金,-2026/01/02","木,-2026/01/01",水,水,2026/01/26#28,2026/01/28#28,2026/02/02#56,2026/02/09#56
神野新田町,字リノ割,,,牟呂校区,"火金,-2026/01/02","火金,-2026/01/02","木,-2026/01/01",水,水,2026/01/26#28,2026/01/28#28,2026/02/02#56,2026/02/09#56
神野新田町,字ヌノ割,,,牟呂校区,"火金,-2026/01/02","火金,-2026/01/02","木,-2026/01/01",水,水,2026/01/26#28,2026/01/28#28,2026/02/02#56,2026/02/09#56
神野新田町,字ルノ割,,,牟呂校区,"火金,-2026/01/02","火金,-2026/01/02","木,-2026/01/01",水,水,2026/01/26#28,2026/01/28#28,2026/02/02#56,2026/02/09#56
神野新田町,字ヲノ割,,,牟呂校区,"火金,-2026/01/02","火金,-2026/01/02","木,-2026/01/01",水,水,2026/01/26#28,2026/01/28#28,2026/02/02#56,2026/02/09#56
神野新田町,字ワノ割,,,牟呂校区,"火金,-2026/01/02","火金,-2026/01/02","木,-2026/01/01",水,水,2026/01/26#28,2026/01/28#28,2026/02/02#56,2026/02/09#56
神野新田町,字カノ割,,,牟呂校区,"火金,-2026/01/02","火金,-2026/01/02","木,-2026/01/01",水,水,2026/01/26#28,2026/01/28#28,2026/02/02#56,2026/02/09#56
神野新田町,字ヨノ割,,,牟呂校区,"火金,-2026/01/02","火金,-2026/01/02","木,-2026/01/01",水,水,2026/01/26#28,2026/01/28#28,2026/02/02#56,2026/02/09#56
神野新田町,字タノ割,,,牟呂校区,"火金,-2026/01/02","火金,-2026/01/02","木,-2026/01/01",水,水,2026/01/26#28,2026/01/28#28,2026/02/02#56,2026/02/09#56
神野新田町,字レノ割,,,牟呂校区,"火金,-2026/01/02","火金,-2026/01/02","木,-2026/01/01",水,水,2026/01/26#28,2026/01/28#28,2026/02/02#56,2026/02/09#56
神野新田町,字ソノ割,,,牟呂校区,"火金,-2026/01/02","火金,-2026/01/02","木,-2026/01/01",水,水,2026/01/26#28,2026/01/28#28,2026/02/02#56,2026/02/09#56
神野新田町,字ツノ割,,,牟呂校区,"火金,-2026/01/02","火金,-2026/01/02","木,-2026/01/01",水,水,2026/01/26#28,2026/01/28#28,2026/02/02#56,2026/02/09#56
神野新田町,字子ノ割,,,牟呂校区,"火金,-2026/01/02","火金,-2026/01/02","木,-2026/01/01",水,水,2026/01/26#28,2026/01/28#28,2026/02/02#56,2026/02/09#56
神野新田町,字ナノ割,,,牟呂校区,"火金,-2026/01/02","火金,-2026/01/02","木,-2026/01/01",水,水,2026/01/26#28,2026/01/28#28,2026/02/02#56,2026/02/09#56
神野新田町,字ラノ割,,,牟呂校区,"火金,-2026/01/02","火金,-2026/01/02","木,-2026/01/01",水,水,2026/01/26#28,2026/01/28#28,2026/02/02#56,2026/02/09#56
神野新田町,字ムノ割,,,牟呂校区,"火金,-2026/01/02","火金,-2026/01/02","木,-2026/01/01",水,水,2026/01/26#28,2026/01/28#28,2026/02/02#56,2026/02/09#56
神野新田町,字ウノ割,,,牟呂校区,"火金,-2026/01/02","火金,-2026/01/02","木,-2026/01/01",水,水,2026/01/26#28,2026/01/28#28,2026/02/02#56,2026/02/09#56
神野新田町,字ヰノ割,,,牟呂校区,"火金,-2026/01/02","火金,-2026/01/02","木,-2026/01/01",水,水,2026/01/26#28,2026/01/28#28,2026/02/02#56,2026/02/09#56
神野新田町,字ノノ割,,,牟呂校区,"火金,-2026/01/02","火金,-2026/01/02","木,-2026/01/01",水,水,2026/01/26#28,2026/01/28#28,2026/02/02#56,2026/02/09#56
神野新田町,字オノ割,,,牟呂校区,"火金,-2026/01/02","火金,-2026/01/02","木,-2026/01/01",水,水,2026/01/26#28,2026/01/28#28,2026/02/02#56,2026/02/09#56
神野新田町,字クノ割,,,牟呂校区,"火金,-2026/01/02","火金,-2026/01/02","木,-2026/01/01",水,水,2026/01/26#28,2026/01/28#28,2026/02/02#56,2026/02/09#56
神野新田町,字ヤノ割,,,牟呂校区,"火金,-2026/01/02","火金,-2026/01/02","木,-2026/01/01",水,水,2026/01/26#28,2026/01/28#28,2026/02/02#56,2026/02/09#56
神野新田町,字マノ割,,,牟呂校区,"火金,-2026/01/02","火金,-2026/01/02","木,-2026/01/01",水,水,2026/01/26#28,2026/01/28#28,2026/02/02#56,2026/02/09#56
神野新田町,字ケノ割,,,牟呂校区,"火金,-2026/01/02","火金,-2026/01/02","木,-2026/01/01",水,水,2026/01/26#28,2026/01/28#28,2026/02/02#56,2026/02/09#56
神野新田町,字フノ割,,,牟呂校区,"火金,-2026/01/02","火金,-2026/01/02","木,-2026/01/01",水,水,2026/01/26#28,2026/01/28#28,2026/02/02#56,2026/02/09#56
神野新田町,字コノ割,,,牟呂校区,"火金,-2026/01/02","火金,-2026/01/02","木,-2026/01/01",水,水,2026/01/26#28,2026/01/28#28,2026/02/02#56,2026/02/09#56
神野新田町,字エノ割,,,牟呂校区,"火金,-2026/01/02","火金,-2026/01/02","木,-2026/01/01",水,水,2026/01/26#28,2026/01/28#28,2026/02/02#56,2026/02/09#56
神野新田町,字テノ割,,,牟呂校区,"火金,-2026/01/02","火金,-2026/01/02","木,-2026/01/01",水,水,2026/01/26#28,2026/01/28#28,2026/02/02#56,2026/02/09#56
神野新田町,字アノ割,,,牟呂校区,"火金,-2026/01/02","火金,-2026/01/02","木,-2026/01/01",水,水,2026/01/26#28,2026/01/28#28,2026/02/02#56,2026/02/09#56
神野新田町,字サノ割,,,牟呂校区,"火金,-2026/01/02","火金,-2026/01/02","木,-2026/01/01",水,水,2026/01/26#28,2026/01/28#28,2026/02/02#56,2026/02/09#56
神野新田町,字キノ割,,,牟呂校区,"火金,-2026/01/02","火金,-2026/01/02","木,-2026/01/01",水,水,2026/01/26#28,2026/01/28#28,2026/02/02#56,2026/02/09#56
神野新田町,字ユノ割,,,牟呂校区,"火金,-2026/01/02","火金,-2026/01/02","木,-2026/01/01",水,水,2026/01/26#28,2026/01/28#28,2026/02/02#56,2026/02/09#56
神野新田町,字メノ割,,,吉田方校区,"火金,-2026/01/02","火金,-2026/01/02","木,-2026/01/01",水,水,2026/01/19#28,2026/01/14#28,2026/03/02#56,2026/01/12#56
神野新田町,字ミノ割,,,吉田方校区,"火金,-2026/01/02","火金,-2026/01/02","木,-2026/01/01",水,水,2026/01/19#28,2026/01/14#28,2026/03/02#56,2026/01/12#56
神野新田町,字シノ割,,,吉田方校区,"火金,-2026/01/02","火金,-2026/01/02","木,-2026/01/01",水,水,2026/01/19#28,2026/01/14#28,2026/03/02#56,2026/01/12#56
神野新田町,字ヱノ割,,,吉田方校区,"火金,-2026/01/02","火金,-2026/01/02","木,-2026/01/01",水,水,2026/01/19#28,2026/01/14#28,2026/03/02#56,2026/01/12#56
神野新田町,字ヒノ割,,,吉田方校区,"火金,-2026/01/02","火金,-2026/01/02","木,-2026/01/01",水,水,2026/01/19#28,2026/01/14#28,2026/03/02#56,2026/01/12#56
神野新田町,字モノ割,,,吉田方校区,"火金,-2026/01/02","火金,-2026/01/02","木,-2026/01/01",水,水,2026/01/19#28,2026/01/14#28,2026/03/02#56,2026/01/12#56
神野新田町,字セノ割,,,吉田方校区,"火金,-2026/01/02","火金,-2026/01/02","木,-2026/01/01",水,水,2026/01/19#28,2026/01/14#28,2026/03/02#56,2026/01/12#56
神野新田町,字スノ割,,,吉田方校区,"火金,-2026/01/02","火金,-2026/01/02","木,-2026/01/01",水,水,2026/01/19#28,2026/01/14#28,2026/03/02#56,2026/01/12#56
神野新田町,字京ノ割,,,吉田方校区,"火金,-2026/01/02","火金,-2026/01/02","木,-2026/01/01",水,水,2026/01/19#28,2026/01/14#28,2026/03/02#56,2026/01/12#56
神野新田町,字江縁,,,磯辺校区,"月木,-2026/01/01","月木,-2026/01/01","金,-2026/01/02",水,水,2026/02/03#28,2026/02/04#28,2026/02/17#56,2026/01/13#56
神野新田町,字沖ノ島,,,磯辺校区,"月木,-2026/01/01","月木,-2026/01/01","金,-2026/01/02",水,水,2026/02/03#28,2026/02/04#28,2026/02/17#56,2026/01/13#56
神野新田町,字会所前,汐田校区,※校区が不明な場合は、校区検索< http://www.city.toyohashi.lg.jp/12080.htm >またはゼロカーボンシティ推進課　電話：0532-51-2399 へお問い合わせください。,汐田校区,"火金,-2026/01/02","火金,-2026/01/02","木,-2026/01/01",水,水,2026/01/12#28,2026/01/14#28,2026/01/19#56,2026/02/23#56
神野新田町,字会所前,磯辺校区,※校区が不明な場合は、校区検索< http://www.city.toyohashi.lg.jp/12080.htm >またはゼロカーボンシティ推進課　電話：0532-51-2399 へお問い合わせください。,磯辺校区,"月木,-2026/01/01","月木,-2026/01/01","金,-2026/01/02",水,水,2026/02/03#28,2026/02/04#28,2026/02/17#56,2026/01/13#56
神野新田町,字会所前,牟呂校区,※校区が不明な場合は、校区検索< http://www.city.toyohashi.lg.jp/12080.htm >またはゼロカーボンシティ推進課　電話：0532-51-2399 へお問い合わせください。,牟呂校区,"火金,-2026/01/02","火金,-2026/01/02","木,-2026/01/01",水,水,2026/01/26#28,2026/01/28#28,2026/02/02#56,2026/02/09#56
神野新田町,字品井潟,,,磯辺校区,"月木,-2026/01/01","月木,-2026/01/01","金,-2026/01/02",水,水,2026/02/03#28,2026/02/04#28,2026/02/17#56,2026/01/13#56
神野新田町,字水神下,,,磯辺校区,"月木,-2026/01/01","月木,-2026/01/01","金,-2026/01/02",水,水,2026/02/03#28,2026/02/04#28,2026/02/17#56,2026/01/13#56
神野新田町,字中島,,,磯辺校区,"月木,-2026/01/01","月木,-2026/01/01","金,-2026/01/02",水,水,2026/02/03#28,2026/02/04#28,2026/02/17#56,2026/01/13#56
神野新田町,字中洲,,,磯辺校区,"月木,-2026/01/01","月木,-2026/01/01","金,-2026/01/02",水,水,2026/02/03#28,2026/02/04#28,2026/02/17#56,2026/01/13#56
神野新田町,字中道東,,,磯辺校区,"月木,-2026/01/01","月木,-2026/01/01","金,-2026/01/02",水,水,2026/02/03#28,2026/02/04#28,2026/02/17#56,2026/01/13#56
神野新田町,字宮前,,,磯辺校区,"月木,-2026/01/01","月木,-2026/01/01","金,-2026/01/02",水,水,2026/02/03#28,2026/02/04#28,2026/02/17#56,2026/01/13#56
神野新田町,字沖之島,,,磯辺校区,"月木,-2026/01/01","月木,-2026/01/01","金,-2026/01/02",水,水,2026/02/03#28,2026/02/04#28,2026/02/17#56,2026/01/13#56
神野西町一丁目,,,,牟呂校区,"火金,-2026/01/02","火金,-2026/01/02","木,-2026/01/01",水,水,2026/01/26#28,2026/01/28#28,2026/02/02#56,2026/02/09#56
神野ふ頭町,,,,牟呂校区,"火金,-2026/01/02","火金,-2026/01/02","木,-2026/01/01",水,水,2026/01/26#28,2026/01/28#28,2026/02/02#56,2026/02/09#56
杉山町,,,,杉山校区,"火金,-2026/01/02","火金,-2026/01/02","木,-2026/01/01",水,水,2026/01/19#28,2026/01/14#28,2026/03/02#56,2026/01/12#56
嵩山町,,,,嵩山校区,"火金,-2026/01/02","火金,-2026/01/02","木,-2026/01/01",水,水,2026/01/19#28,2026/01/14#28,2026/03/02#56,2026/01/12#56
住吉町,1～24-9999,,,東田校区,"火金,-2026/01/02","火金,-2026/01/02","木,-2026/01/01",水,水,2026/01/12#28,2026/01/14#28,2026/01/19#56,2026/02/23#56
住吉町,25～211-9999,,,旭校区,"月木,-2026/01/01","月木,-2026/01/01","金,-2026/01/02",水,水,2026/01/13#28,2026/02/04#28,2026/02/24#56,2026/01/20#56
関屋町,,,,松葉校区,"月木,-2026/01/01","月木,-2026/01/01","金,-2026/01/02",水,水,2026/01/27#28,2026/01/21#28,2026/02/10#56,2026/02/03#56
高師石塚町,,,,栄校区,"月木,-2026/01/01","月木,-2026/01/01","金,-2026/01/02",水,水,2026/01/13#28,2026/02/04#28,2026/02/24#56,2026/01/20#56
高師町,字奥山田,,,岩西校区,"月木,-2026/01/01","月木,-2026/01/01","金,-2026/01/02",水,水,2026/01/13#28,2026/02/04#28,2026/02/24#56,2026/01/20#56
高師町,字小野,,,幸校区,"月木,-2026/01/01","月木,-2026/01/01","金,-2026/01/02",水,水,2026/01/20#28,2026/01/21#28,2026/01/27#56,2026/03/03#56
高師町,字北新切,,,芦原校区,"月木,-2026/01/01","月木,-2026/01/01","金,-2026/01/02",水,水,2026/02/03#28,2026/02/04#28,2026/02/17#56,2026/01/13#56
高師町,字北原,芦原校区,※校区が不明な場合は、校区検索< http://www.city.toyohashi.lg.jp/12080.htm >またはゼロカーボンシティ推進課　電話：0532-51-2399 へお問い合わせください。,芦原校区,"月木,-2026/01/01","月木,-2026/01/01","金,-2026/01/02",水,水,2026/02/03#28,2026/02/04#28,2026/02/17#56,2026/01/13#56
高師町,字北原,栄校区,※校区が不明な場合は、校区検索< http://www.city.toyohashi.lg.jp/12080.htm >またはゼロカーボンシティ推進課　電話：0532-51-2399 へお問い合わせください。,栄校区,"月木,-2026/01/01","月木,-2026/01/01","金,-2026/01/02",水,水,2026/01/13#28,2026/02/04#28,2026/02/24#56,2026/01/20#56
高師町,字北原,岩西校区,※校区が不明な場合は、校区検索< http://www.city.toyohashi.lg.jp/12080.htm >またはゼロカーボンシティ推進課　電話：0532-51-2399 へお問い合わせください。,岩西校区,"月木,-2026/01/01","月木,-2026/01/01","金,-2026/01/02",水,水,2026/01/13#28,2026/02/04#28,2026/02/24#56,2026/01/20#56
高師町,字清水,,,岩西校区,"月木,-2026/01/01","月木,-2026/01/01","金,-2026/01/02",水,水,2026/01/13#28,2026/02/04#28,2026/02/24#56,2026/01/20#56
高師町,字水神,,,岩西校区,"月木,-2026/01/01","月木,-2026/01/01","金,-2026/01/02",水,水,2026/01/13#28,2026/02/04#28,2026/02/24#56,2026/01/20#56
高師町,字西沢,,,芦原校区,"月木,-2026/01/01","月木,-2026/01/01","金,-2026/01/02",水,水,2026/02/03#28,2026/02/04#28,2026/02/17#56,2026/01/13#56
高師町,字丸田,,,岩西校区,"月木,-2026/01/01","月木,-2026/01/01","金,-2026/01/02",水,水,2026/01/13#28,2026/02/04#28,2026/02/24#56,2026/01/20#56
高師本郷町,,,,高師校区,"火金,-2026/01/02","火金,-2026/01/02","木,-2026/01/01",水,水,2026/01/26#28,2026/01/28#28,2026/02/02#56,2026/02/09#56
高洲町,,,,吉田方校区,"火金,-2026/01/02","火金,-2026/01/02","木,-2026/01/01",水,水,2026/01/19#28,2026/01/14#28,2026/03/02#56,2026/01/12#56
高田町,,,,幸校区,"月木,-2026/01/01","月木,-2026/01/01","金,-2026/01/02",水,水,2026/01/20#28,2026/01/21#28,2026/01/27#56,2026/03/03#56
高塚町,,,,高豊校区,"火金,-2026/01/02","火金,-2026/01/02","木,-2026/01/01",水,水,2026/01/12#28,2026/01/14#28,2026/01/19#56,2026/02/23#56
忠興一丁目,,,,鷹丘校区,"火金,-2026/01/02","火金,-2026/01/02","木,-2026/01/01",水,水,2026/01/26#28,2026/01/28#28,2026/02/02#56,2026/02/09#56
忠興二丁目,,,,鷹丘校区,"火金,-2026/01/02","火金,-2026/01/02","木,-2026/01/01",水,水,2026/01/26#28,2026/01/28#28,2026/02/02#56,2026/02/09#56
忠興三丁目,,,,鷹丘校区,"火金,-2026/01/02","火金,-2026/01/02","木,-2026/01/01",水,水,2026/01/26#28,2026/01/28#28,2026/02/02#56,2026/02/09#56
立花町,,,,羽根井校区,"月木,-2026/01/01","月木,-2026/01/01","金,-2026/01/02",水,水,2026/01/13#28,2026/02/04#28,2026/02/24#56,2026/01/20#56
多米町,下記以外,,,多米校区,"火金,-2026/01/02","火金,-2026/01/02","木,-2026/01/01",水,水,2026/01/26#28,2026/01/28#28,2026/02/02#56,2026/02/09#56
多米町,字蝉川,多米校区,※校区が不明な場合は、校区検索< http://www.city.toyohashi.lg.jp/12080.htm >またはゼロカーボンシティ推進課　電話：0532-51-2399 へお問い合わせください。,多米校区,"火金,-2026/01/02","火金,-2026/01/02","木,-2026/01/01",水,水,2026/01/26#28,2026/01/28#28,2026/02/02#56,2026/02/09#56
多米町,字蝉川,鷹丘校区,※校区が不明な場合は、校区検索< http://www.city.toyohashi.lg.jp/12080.htm >またはゼロカーボンシティ推進課　電話：0532-51-2399 へお問い合わせください。,鷹丘校区,"火金,-2026/01/02","火金,-2026/01/02","木,-2026/01/01",水,水,2026/01/26#28,2026/01/28#28,2026/02/02#56,2026/02/09#56
多米中町一丁目～四丁目,,,,多米校区,"火金,-2026/01/02","火金,-2026/01/02","木,-2026/01/01",水,水,2026/01/26#28,2026/01/28#28,2026/02/02#56,2026/02/09#56
多米西町一丁目～三丁目,,,,多米校区,"火金,-2026/01/02","火金,-2026/01/02","木,-2026/01/01",水,水,2026/01/26#28,2026/01/28#28,2026/02/02#56,2026/02/09#56
多米東町一丁目～三丁目,,,,多米校区,"火金,-2026/01/02","火金,-2026/01/02","木,-2026/01/01",水,水,2026/01/26#28,2026/01/28#28,2026/02/02#56,2026/02/09#56
大国町,,,,松山校区,"月木,-2026/01/01","月木,-2026/01/01","金,-2026/01/02",水,水,2026/01/27#28,2026/01/21#28,2026/02/10#56,2026/02/03#56
談合町,,,,八町校区,"月木,-2026/01/01","月木,-2026/01/01","金,-2026/01/02",水,水,2026/01/27#28,2026/01/21#28,2026/02/10#56,2026/02/03#56
築地町,,,,花田校区,"月木,-2026/01/01","月木,-2026/01/01","金,-2026/01/02",水,水,2026/02/03#28,2026/02/04#28,2026/02/17#56,2026/01/13#56
つつじが丘一丁目～三丁目,,,,つつじが丘校区,"月木,-2026/01/01","月木,-2026/01/01","金,-2026/01/02",水,水,2026/01/20#28,2026/01/21#28,2026/01/27#56,2026/03/03#56
寺沢町,,,,小沢校区,"火金,-2026/01/02","火金,-2026/01/02","木,-2026/01/01",水,水,2026/02/02#28,2026/01/28#28,2026/01/26#56,2026/02/16#56
天伯町,,,,天伯校区,"火金,-2026/01/02","火金,-2026/01/02","木,-2026/01/01",水,水,2026/01/26#28,2026/01/28#28,2026/02/02#56,2026/02/09#56
伝馬町,向山校区,,※校区が不明な場合は、校区検索< http://www.city.toyohashi.lg.jp/12080.htm >またはゼロカーボンシティ推進課　電話：0532-51-2399 へお問い合わせください。,向山校区,"月木,-2026/01/01","月木,-2026/01/01","金,-2026/01/02",水,水,2026/02/03#28,2026/02/04#28,2026/02/17#56,2026/01/13#56
伝馬町,豊校区,,※校区が不明な場合は、校区検索< http://www.city.toyohashi.lg.jp/12080.htm >またはゼロカーボンシティ推進課　電話：0532-51-2399 へお問い合わせください。,豊校区,"月木,-2026/01/01","月木,-2026/01/01","金,-2026/01/02",水,水,2026/01/27#28,2026/01/21#28,2026/02/10#56,2026/02/03#56
東光町,,,,岩田校区,"火金,-2026/01/02","火金,-2026/01/02","木,-2026/01/01",水,水,2026/01/19#28,2026/01/14#28,2026/03/02#56,2026/01/12#56
東郷町,,,,東田校区,"火金,-2026/01/02","火金,-2026/01/02","木,-2026/01/01",水,水,2026/01/12#28,2026/01/14#28,2026/01/19#56,2026/02/23#56
富本町,,,,福岡校区,"月木,-2026/01/01","月木,-2026/01/01","金,-2026/01/02",水,水,2026/01/20#28,2026/01/21#28,2026/01/27#56,2026/03/03#56
豊岡町,岩田校区,,※校区が不明な場合は、校区検索< http://www.city.toyohashi.lg.jp/12080.htm >またはゼロカーボンシティ推進課　電話：0532-51-2399 へお問い合わせください。,岩田校区,"火金,-2026/01/02","火金,-2026/01/02","木,-2026/01/01",水,水,2026/01/19#28,2026/01/14#28,2026/03/02#56,2026/01/12#56
豊岡町,豊校区,,※校区が不明な場合は、校区検索< http://www.city.toyohashi.lg.jp/12080.htm >またはゼロカーボンシティ推進課　電話：0532-51-2399 へお問い合わせください。,豊校区,"月木,-2026/01/01","月木,-2026/01/01","金,-2026/01/02",水,水,2026/01/27#28,2026/01/21#28,2026/02/10#56,2026/02/03#56
問屋町,,,,吉田方校区,"火金,-2026/01/02","火金,-2026/01/02","木,-2026/01/01",水,水,2026/01/19#28,2026/01/14#28,2026/03/02#56,2026/01/12#56
堂浦町,,,,福岡校区,"月木,-2026/01/01","月木,-2026/01/01","金,-2026/01/02",水,水,2026/01/20#28,2026/01/21#28,2026/01/27#56,2026/03/03#56
堂坂町,,,,福岡校区,"月木,-2026/01/01","月木,-2026/01/01","金,-2026/01/02",水,水,2026/01/20#28,2026/01/21#28,2026/01/27#56,2026/03/03#56
中岩田一丁目～六丁目,,,,岩田校区,"火金,-2026/01/02","火金,-2026/01/02","木,-2026/01/01",水,水,2026/01/19#28,2026/01/14#28,2026/03/02#56,2026/01/12#56
中郷町,,,,羽根井校区,"月木,-2026/01/01","月木,-2026/01/01","金,-2026/01/02",水,水,2026/01/13#28,2026/02/04#28,2026/02/24#56,2026/01/20#56
中柴町,,,,松山校区,"月木,-2026/01/01","月木,-2026/01/01","金,-2026/01/02",水,水,2026/01/27#28,2026/01/21#28,2026/02/10#56,2026/02/03#56
中世古町,,,,新川校区,"月木,-2026/01/01","月木,-2026/01/01","金,-2026/01/02",水,水,2026/01/20#28,2026/01/21#28,2026/01/27#56,2026/03/03#56
中野町,字大原,,,磯辺校区,"月木,-2026/01/01","月木,-2026/01/01","金,-2026/01/02",水,水,2026/02/03#28,2026/02/04#28,2026/02/17#56,2026/01/13#56
中野町,字上新切,,,中野校区,"月木,-2026/01/01","月木,-2026/01/01","金,-2026/01/02",水,水,2026/01/27#28,2026/01/21#28,2026/02/10#56,2026/02/03#56
中野町,字欠,,,磯辺校区,"月木,-2026/01/01","月木,-2026/01/01","金,-2026/01/02",水,水,2026/02/03#28,2026/02/04#28,2026/02/17#56,2026/01/13#56
中野町,字平北,,,中野校区,"月木,-2026/01/01","月木,-2026/01/01","金,-2026/01/02",水,水,2026/01/27#28,2026/01/21#28,2026/02/10#56,2026/02/03#56
中野町,字平西,,,中野校区,"月木,-2026/01/01","月木,-2026/01/01","金,-2026/01/02",水,水,2026/01/27#28,2026/01/21#28,2026/02/10#56,2026/02/03#56
中野町,字中原,,,磯辺校区,"月木,-2026/01/01","月木,-2026/01/01","金,-2026/01/02",水,水,2026/02/03#28,2026/02/04#28,2026/02/17#56,2026/01/13#56
中野町,字二本松西,,,磯辺校区,"月木,-2026/01/01","月木,-2026/01/01","金,-2026/01/02",水,水,2026/02/03#28,2026/02/04#28,2026/02/17#56,2026/01/13#56
中野町,字野中,,,磯辺校区,"月木,-2026/01/01","月木,-2026/01/01","金,-2026/01/02",水,水,2026/02/03#28,2026/02/04#28,2026/02/17#56,2026/01/13#56
中野町,官有地,,,中野校区,"月木,-2026/01/01","月木,-2026/01/01","金,-2026/01/02",水,水,2026/01/27#28,2026/01/21#28,2026/02/10#56,2026/02/03#56
仲ノ町,,,,豊校区,"月木,-2026/01/01","月木,-2026/01/01","金,-2026/01/02",水,水,2026/01/27#28,2026/01/21#28,2026/02/10#56,2026/02/03#56
中橋良町,,,,福岡校区,"月木,-2026/01/01","月木,-2026/01/01","金,-2026/01/02",水,水,2026/01/20#28,2026/01/21#28,2026/01/27#56,2026/03/03#56
中浜町,,,,中野校区,"月木,-2026/01/01","月木,-2026/01/01","金,-2026/01/02",水,水,2026/01/27#28,2026/01/21#28,2026/02/10#56,2026/02/03#56
中原町,,,,谷川校区,"月木,-2026/01/01","月木,-2026/01/01","金,-2026/01/02",水,水,2026/01/27#28,2026/01/21#28,2026/02/10#56,2026/02/03#56
中松山町,,,,松山校区,"月木,-2026/01/01","月木,-2026/01/01","金,-2026/01/02",水,水,2026/01/27#28,2026/01/21#28,2026/02/10#56,2026/02/03#56
長瀬町,,,,大村校区,"火金,-2026/01/02","火金,-2026/01/02","木,-2026/01/01",水,水,2026/02/02#28,2026/01/28#28,2026/01/26#56,2026/02/16#56
浪ノ上町,,,,牛川校区,"火金,-2026/01/02","火金,-2026/01/02","木,-2026/01/01",水,水,2026/01/12#28,2026/01/14#28,2026/01/19#56,2026/02/23#56
西赤沢町,下記以外,,,高豊校区,"火金,-2026/01/02","火金,-2026/01/02","木,-2026/01/01",水,水,2026/01/12#28,2026/01/14#28,2026/01/19#56,2026/02/23#56
西赤沢町,字深山,下記以外,,富士見校区,"火金,-2026/01/02","火金,-2026/01/02","木,-2026/01/01",水,水,2026/01/12#28,2026/01/14#28,2026/01/19#56,2026/02/23#56
西赤沢町,字深山,208～232-9999,,高豊校区,"火金,-2026/01/02","火金,-2026/01/02","木,-2026/01/01",水,水,2026/01/12#28,2026/01/14#28,2026/01/19#56,2026/02/23#56
西岩田一丁目～六丁目,,,,豊校区,"月木,-2026/01/01","月木,-2026/01/01","金,-2026/01/02",水,水,2026/01/27#28,2026/01/21#28,2026/02/10#56,2026/02/03#56
西小鷹野一丁目～四丁目,,,,鷹丘校区,"火金,-2026/01/02","火金,-2026/01/02","木,-2026/01/01",水,水,2026/01/26#28,2026/01/28#28,2026/02/02#56,2026/02/09#56
西小田原町,,,,松山校区,"月木,-2026/01/01","月木,-2026/01/01","金,-2026/01/02",水,水,2026/01/27#28,2026/01/21#28,2026/02/10#56,2026/02/03#56
錦町,,,,羽根井校区,"月木,-2026/01/01","月木,-2026/01/01","金,-2026/01/02",水,水,2026/01/13#28,2026/02/04#28,2026/02/24#56,2026/01/20#56
西口町,字土橋,飯村校区,※校区が不明な場合は、校区検索< http://www.city.toyohashi.lg.jp/12080.htm >またはゼロカーボンシティ推進課　電話：0532-51-2399 へお問い合わせください。,飯村校区,"月木,-2026/01/01","月木,-2026/01/01","金,-2026/01/02",水,水,2026/02/03#28,2026/02/04#28,2026/02/17#56,2026/01/13#56
西口町,字土橋,岩西校区,※校区が不明な場合は、校区検索< http://www.city.toyohashi.lg.jp/12080.htm >またはゼロカーボンシティ推進課　電話：0532-51-2399 へお問い合わせください。,岩西校区,"月木,-2026/01/01","月木,-2026/01/01","金,-2026/01/02",水,水,2026/01/13#28,2026/02/04#28,2026/02/24#56,2026/01/20#56
西口町,字西ノ口,飯村校区,※校区が不明な場合は、校区検索< http://www.city.toyohashi.lg.jp/12080.htm >またはゼロカーボンシティ推進課　電話：0532-51-2399 へお問い合わせください。,飯村校区,"月木,-2026/01/01","月木,-2026/01/01","金,-2026/01/02",水,水,2026/02/03#28,2026/02/04#28,2026/02/17#56,2026/01/13#56
西口町,字西ノ口,岩西校区,※校区が不明な場合は、校区検索< http://www.city.toyohashi.lg.jp/12080.htm >またはゼロカーボンシティ推進課　電話：0532-51-2399 へお問い合わせください。,岩西校区,"月木,-2026/01/01","月木,-2026/01/01","金,-2026/01/02",水,水,2026/01/13#28,2026/02/04#28,2026/02/24#56,2026/01/20#56
西口町,字元茶屋,飯村校区,※校区が不明な場合は、校区検索< http://www.city.toyohashi.lg.jp/12080.htm >またはゼロカーボンシティ推進課　電話：0532-51-2399 へお問い合わせください。,飯村校区,"月木,-2026/01/01","月木,-2026/01/01","金,-2026/01/02",水,水,2026/02/03#28,2026/02/04#28,2026/02/17#56,2026/01/13#56
西口町,字元茶屋,岩西校区,※校区が不明な場合は、校区検索< http://www.city.toyohashi.lg.jp/12080.htm >またはゼロカーボンシティ推進課　電話：0532-51-2399 へお問い合わせください。,岩西校区,"月木,-2026/01/01","月木,-2026/01/01","金,-2026/01/02",水,水,2026/01/13#28,2026/02/04#28,2026/02/24#56,2026/01/20#56
西口町,官有地,,,岩西校区,"月木,-2026/01/01","月木,-2026/01/01","金,-2026/01/02",水,水,2026/01/13#28,2026/02/04#28,2026/02/24#56,2026/01/20#56
西小池町,,,,福岡校区,"月木,-2026/01/01","月木,-2026/01/01","金,-2026/01/02",水,水,2026/01/20#28,2026/01/21#28,2026/01/27#56,2026/03/03#56
西新町,,,,八町校区,"月木,-2026/01/01","月木,-2026/01/01","金,-2026/01/02",水,水,2026/01/27#28,2026/01/21#28,2026/02/10#56,2026/02/03#56
西高師町,下記以外,,,芦原校区,"月木,-2026/01/01","月木,-2026/01/01","金,-2026/01/02",水,水,2026/02/03#28,2026/02/04#28,2026/02/17#56,2026/01/13#56
西高師町,字小谷,高師校区,※校区が不明な場合は、校区検索< http://www.city.toyohashi.lg.jp/12080.htm >またはゼロカーボンシティ推進課　電話：0532-51-2399 へお問い合わせください。,高師校区,"火金,-2026/01/02","火金,-2026/01/02","木,-2026/01/01",水,水,2026/01/26#28,2026/01/28#28,2026/02/02#56,2026/02/09#56
西高師町,字小谷,芦原校区,※校区が不明な場合は、校区検索< http://www.city.toyohashi.lg.jp/12080.htm >またはゼロカーボンシティ推進課　電話：0532-51-2399 へお問い合わせください。,芦原校区,"月木,-2026/01/01","月木,-2026/01/01","金,-2026/01/02",水,水,2026/02/03#28,2026/02/04#28,2026/02/17#56,2026/01/13#56
西高師町,字津森,芦原校区,※校区が不明な場合は、校区検索< http://www.city.toyohashi.lg.jp/12080.htm >またはゼロカーボンシティ推進課　電話：0532-51-2399 へお問い合わせください。,芦原校区,"月木,-2026/01/01","月木,-2026/01/01","金,-2026/01/02",水,水,2026/02/03#28,2026/02/04#28,2026/02/17#56,2026/01/13#56
西高師町,字津森,高師校区,※校区が不明な場合は、校区検索< http://www.city.toyohashi.lg.jp/12080.htm >またはゼロカーボンシティ推進課　電話：0532-51-2399 へお問い合わせください。,高師校区,"火金,-2026/01/02","火金,-2026/01/02","木,-2026/01/01",水,水,2026/01/26#28,2026/01/28#28,2026/02/02#56,2026/02/09#56
西七根町,,,,高豊校区,"火金,-2026/01/02","火金,-2026/01/02","木,-2026/01/01",水,水,2026/01/12#28,2026/01/14#28,2026/01/19#56,2026/02/23#56
西橋良町,1～14-9999,,,羽根井校区,"月木,-2026/01/01","月木,-2026/01/01","金,-2026/01/02",水,水,2026/01/13#28,2026/02/04#28,2026/02/24#56,2026/01/20#56
西橋良町,15～61-9999,,,福岡校区,"月木,-2026/01/01","月木,-2026/01/01","金,-2026/01/02",水,水,2026/01/20#28,2026/01/21#28,2026/01/27#56,2026/03/03#56
西羽田町,,,,花田校区,"月木,-2026/01/01","月木,-2026/01/01","金,-2026/01/02",水,水,2026/02/03#28,2026/02/04#28,2026/02/17#56,2026/01/13#56
西浜町,,,,前芝校区,"火金,-2026/01/02","火金,-2026/01/02","木,-2026/01/01",水,水,2026/02/02#28,2026/01/28#28,2026/01/26#56,2026/02/16#56
西松山町,,,,松山校区,"月木,-2026/01/01","月木,-2026/01/01","金,-2026/01/02",水,水,2026/01/27#28,2026/01/21#28,2026/02/10#56,2026/02/03#56
西幸町,,,,幸校区,"月木,-2026/01/01","月木,-2026/01/01","金,-2026/01/02",水,水,2026/01/20#28,2026/01/21#28,2026/01/27#56,2026/03/03#56
西山町,,,,細谷校区,"火金,-2026/01/02","火金,-2026/01/02","木,-2026/01/01",水,水,2026/02/02#28,2026/01/28#28,2026/01/26#56,2026/02/16#56
仁連木町,,,,東田校区,"火金,-2026/01/02","火金,-2026/01/02","木,-2026/01/01",水,水,2026/01/12#28,2026/01/14#28,2026/01/19#56,2026/02/23#56
野黒町,,,,羽根井校区,"月木,-2026/01/01","月木,-2026/01/01","金,-2026/01/02",水,水,2026/01/13#28,2026/02/04#28,2026/02/24#56,2026/01/20#56
野田町,,,,吉田方校区,"火金,-2026/01/02","火金,-2026/01/02","木,-2026/01/01",水,水,2026/01/19#28,2026/01/14#28,2026/03/02#56,2026/01/12#56
野依台一丁目,,,,野依校区,"火金,-2026/01/02","火金,-2026/01/02","木,-2026/01/01",水,水,2026/02/02#28,2026/01/28#28,2026/01/26#56,2026/02/16#56
野依台二丁目,,,,大清水校区,"火金,-2026/01/02","火金,-2026/01/02","木,-2026/01/01",水,水,2026/02/02#28,2026/01/28#28,2026/01/26#56,2026/02/16#56
野依町,,,,野依校区,"火金,-2026/01/02","火金,-2026/01/02","木,-2026/01/01",水,水,2026/02/02#28,2026/01/28#28,2026/01/26#56,2026/02/16#56
橋良町,下記以外,,,福岡校区,"月木,-2026/01/01","月木,-2026/01/01","金,-2026/01/02",水,水,2026/01/20#28,2026/01/21#28,2026/01/27#56,2026/03/03#56
橋良町,字向山,4～4-9999,,福岡校区,"月木,-2026/01/01","月木,-2026/01/01","金,-2026/01/02",水,水,2026/01/20#28,2026/01/21#28,2026/01/27#56,2026/03/03#56
橋良町,字向山,6～20-9999,,中野校区,"月木,-2026/01/01","月木,-2026/01/01","金,-2026/01/02",水,水,2026/01/27#28,2026/01/21#28,2026/02/10#56,2026/02/03#56
柱一番町～九番町,,,,福岡校区,"月木,-2026/01/01","月木,-2026/01/01","金,-2026/01/02",水,水,2026/01/20#28,2026/01/21#28,2026/01/27#56,2026/03/03#56
畑ヶ田町,,,,高師校区,"火金,-2026/01/02","火金,-2026/01/02","木,-2026/01/01",水,水,2026/01/26#28,2026/01/28#28,2026/02/02#56,2026/02/09#56
羽田町,,,,花田校区,"月木,-2026/01/01","月木,-2026/01/01","金,-2026/01/02",水,水,2026/02/03#28,2026/02/04#28,2026/02/17#56,2026/01/13#56
八町通一丁目～五丁目,,,,八町校区,"月木,-2026/01/01","月木,-2026/01/01","金,-2026/01/02",水,水,2026/01/27#28,2026/01/21#28,2026/02/10#56,2026/02/03#56
花園町,,,,松山校区,"月木,-2026/01/01","月木,-2026/01/01","金,-2026/01/02",水,水,2026/01/27#28,2026/01/21#28,2026/02/10#56,2026/02/03#56
花田町,字荒木,1～35-9999,,吉田方校区,"火金,-2026/01/02","火金,-2026/01/02","木,-2026/01/01",水,水,2026/01/19#28,2026/01/14#28,2026/03/02#56,2026/01/12#56
花田町,字荒木,36～111-9999,,花田校区,"月木,-2026/01/01","月木,-2026/01/01","金,-2026/01/02",水,水,2026/02/03#28,2026/02/04#28,2026/02/17#56,2026/01/13#56
花田町,字石田,,,松山校区,"月木,-2026/01/01","月木,-2026/01/01","金,-2026/01/02",水,水,2026/01/27#28,2026/01/21#28,2026/02/10#56,2026/02/03#56
花田町,字石塚,,,松葉校区,"月木,-2026/01/01","月木,-2026/01/01","金,-2026/01/02",水,水,2026/01/27#28,2026/01/21#28,2026/02/10#56,2026/02/03#56
花田町,字稲場,,,花田校区,"月木,-2026/01/01","月木,-2026/01/01","金,-2026/01/02",水,水,2026/02/03#28,2026/02/04#28,2026/02/17#56,2026/01/13#56
花田町,字後田,,,羽根井校区,"月木,-2026/01/01","月木,-2026/01/01","金,-2026/01/02",水,水,2026/01/13#28,2026/02/04#28,2026/02/24#56,2026/01/20#56
花田町,字大山塚,,,羽根井校区,"月木,-2026/01/01","月木,-2026/01/01","金,-2026/01/02",水,水,2026/01/13#28,2026/02/04#28,2026/02/24#56,2026/01/20#56
花田町,字北新起,,,羽根井校区,"月木,-2026/01/01","月木,-2026/01/01","金,-2026/01/02",水,水,2026/01/13#28,2026/02/04#28,2026/02/24#56,2026/01/20#56
花田町,字絹田,,,松葉校区,"月木,-2026/01/01","月木,-2026/01/01","金,-2026/01/02",水,水,2026/01/27#28,2026/01/21#28,2026/02/10#56,2026/02/03#56
花田町,字越水,,,花田校区,"月木,-2026/01/01","月木,-2026/01/01","金,-2026/01/02",水,水,2026/02/03#28,2026/02/04#28,2026/02/17#56,2026/01/13#56
花田町,字小松,,,花田校区,"月木,-2026/01/01","月木,-2026/01/01","金,-2026/01/02",水,水,2026/02/03#28,2026/02/04#28,2026/02/17#56,2026/01/13#56
花田町,字西郷,,,羽根井校区,"月木,-2026/01/01","月木,-2026/01/01","金,-2026/01/02",水,水,2026/01/13#28,2026/02/04#28,2026/02/24#56,2026/01/20#56
花田町,字塞神,,,羽根井校区,"月木,-2026/01/01","月木,-2026/01/01","金,-2026/01/02",水,水,2026/01/13#28,2026/02/04#28,2026/02/24#56,2026/01/20#56
花田町,字斉藤,,,花田校区,"月木,-2026/01/01","月木,-2026/01/01","金,-2026/01/02",水,水,2026/02/03#28,2026/02/04#28,2026/02/17#56,2026/01/13#56
花田町,字城海津,,,花田校区,"月木,-2026/01/01","月木,-2026/01/01","金,-2026/01/02",水,水,2026/02/03#28,2026/02/04#28,2026/02/17#56,2026/01/13#56
花田町,字築地,,,花田校区,"月木,-2026/01/01","月木,-2026/01/01","金,-2026/01/02",水,水,2026/02/03#28,2026/02/04#28,2026/02/17#56,2026/01/13#56
花田町,字中郷,,,羽根井校区,"月木,-2026/01/01","月木,-2026/01/01","金,-2026/01/02",水,水,2026/01/13#28,2026/02/04#28,2026/02/24#56,2026/01/20#56
花田町,字中野,,,松山校区,"月木,-2026/01/01","月木,-2026/01/01","金,-2026/01/02",水,水,2026/01/27#28,2026/01/21#28,2026/02/10#56,2026/02/03#56
花田町,字中ノ坪,吉田方校区,※校区が不明な場合は、校区検索< http://www.city.toyohashi.lg.jp/12080.htm >またはゼロカーボンシティ推進課　電話：0532-51-2399 へお問い合わせください。,吉田方校区,"火金,-2026/01/02","火金,-2026/01/02","木,-2026/01/01",水,水,2026/01/19#28,2026/01/14#28,2026/03/02#56,2026/01/12#56
花田町,字中ノ坪,松葉校区,※校区が不明な場合は、校区検索< http://www.city.toyohashi.lg.jp/12080.htm >またはゼロカーボンシティ推進課　電話：0532-51-2399 へお問い合わせください。,松葉校区,"月木,-2026/01/01","月木,-2026/01/01","金,-2026/01/02",水,水,2026/01/27#28,2026/01/21#28,2026/02/10#56,2026/02/03#56
花田町,字中ノ坪,花田校区,※校区が不明な場合は、校区検索< http://www.city.toyohashi.lg.jp/12080.htm >またはゼロカーボンシティ推進課　電話：0532-51-2399 へお問い合わせください。,花田校区,"月木,-2026/01/01","月木,-2026/01/01","金,-2026/01/02",水,水,2026/02/03#28,2026/02/04#28,2026/02/17#56,2026/01/13#56
花田町,字西宿,,,花田校区,"月木,-2026/01/01","月木,-2026/01/01","金,-2026/01/02",水,水,2026/02/03#28,2026/02/04#28,2026/02/17#56,2026/01/13#56
花田町,字野黒,,,羽根井校区,"月木,-2026/01/01","月木,-2026/01/01","金,-2026/01/02",水,水,2026/01/13#28,2026/02/04#28,2026/02/24#56,2026/01/20#56
花田町,字百北,,,花田校区,"月木,-2026/01/01","月木,-2026/01/01","金,-2026/01/02",水,水,2026/02/03#28,2026/02/04#28,2026/02/17#56,2026/01/13#56
花田町,字南新起,,,羽根井校区,"月木,-2026/01/01","月木,-2026/01/01","金,-2026/01/02",水,水,2026/01/13#28,2026/02/04#28,2026/02/24#56,2026/01/20#56
花田町,字南島,,,松葉校区,"月木,-2026/01/01","月木,-2026/01/01","金,-2026/01/02",水,水,2026/01/27#28,2026/01/21#28,2026/02/10#56,2026/02/03#56
花田町,字斎藤,,,花田校区,"月木,-2026/01/01","月木,-2026/01/01","金,-2026/01/02",水,水,2026/02/03#28,2026/02/04#28,2026/02/17#56,2026/01/13#56
花田一番町～三番町,,,,花田校区,"月木,-2026/01/01","月木,-2026/01/01","金,-2026/01/02",水,水,2026/02/03#28,2026/02/04#28,2026/02/17#56,2026/01/13#56
花中町,,,,羽根井校区,"月木,-2026/01/01","月木,-2026/01/01","金,-2026/01/02",水,水,2026/01/13#28,2026/02/04#28,2026/02/24#56,2026/01/20#56
羽根井町,,,,羽根井校区,"月木,-2026/01/01","月木,-2026/01/01","金,-2026/01/02",水,水,2026/01/13#28,2026/02/04#28,2026/02/24#56,2026/01/20#56
羽根井西町,,,,羽根井校区,"月木,-2026/01/01","月木,-2026/01/01","金,-2026/01/02",水,水,2026/01/13#28,2026/02/04#28,2026/02/24#56,2026/01/20#56
羽根井本町,,,,羽根井校区,"月木,-2026/01/01","月木,-2026/01/01","金,-2026/01/02",水,水,2026/01/13#28,2026/02/04#28,2026/02/24#56,2026/01/20#56
浜道町,下記以外,,,高師校区,"火金,-2026/01/02","火金,-2026/01/02","木,-2026/01/01",水,水,2026/01/26#28,2026/01/28#28,2026/02/02#56,2026/02/09#56
浜道町,字百々池,高師校区,※校区が不明な場合は、校区検索< http://www.city.toyohashi.lg.jp/12080.htm >またはゼロカーボンシティ推進課　電話：0532-51-2399 へお問い合わせください。,高師校区,"火金,-2026/01/02","火金,-2026/01/02","木,-2026/01/01",水,水,2026/01/26#28,2026/01/28#28,2026/02/02#56,2026/02/09#56
浜道町,字百々池,幸校区,※校区が不明な場合は、校区検索< http://www.city.toyohashi.lg.jp/12080.htm >またはゼロカーボンシティ推進課　電話：0532-51-2399 へお問い合わせください。,幸校区,"月木,-2026/01/01","月木,-2026/01/01","金,-2026/01/02",水,水,2026/01/20#28,2026/01/21#28,2026/01/27#56,2026/03/03#56
原町,,,,谷川校区,"月木,-2026/01/01","月木,-2026/01/01","金,-2026/01/02",水,水,2026/01/27#28,2026/01/21#28,2026/02/10#56,2026/02/03#56
東赤沢町,下記以外,,,高豊校区,"火金,-2026/01/02","火金,-2026/01/02","木,-2026/01/01",水,水,2026/01/12#28,2026/01/14#28,2026/01/19#56,2026/02/23#56
東赤沢町,字坪ノ谷,高豊校区,※校区が不明な場合は、校区検索< http://www.city.toyohashi.lg.jp/12080.htm >またはゼロカーボンシティ推進課　電話：0532-51-2399 へお問い合わせください。,高豊校区,"火金,-2026/01/02","火金,-2026/01/02","木,-2026/01/01",水,水,2026/01/12#28,2026/01/14#28,2026/01/19#56,2026/02/23#56
東赤沢町,字坪ノ谷,富士見校区,※校区が不明な場合は、校区検索< http://www.city.toyohashi.lg.jp/12080.htm >またはゼロカーボンシティ推進課　電話：0532-51-2399 へお問い合わせください。,富士見校区,"火金,-2026/01/02","火金,-2026/01/02","木,-2026/01/01",水,水,2026/01/12#28,2026/01/14#28,2026/01/19#56,2026/02/23#56
東岩田一丁目～四丁目,,,,岩田校区,"火金,-2026/01/02","火金,-2026/01/02","木,-2026/01/01",水,水,2026/01/19#28,2026/01/14#28,2026/03/02#56,2026/01/12#56
東大清水町,,,,大清水校区,"火金,-2026/01/02","火金,-2026/01/02","木,-2026/01/01",水,水,2026/02/02#28,2026/01/28#28,2026/01/26#56,2026/02/16#56
東小鷹野一丁目～四丁目,,,,鷹丘校区,"火金,-2026/01/02","火金,-2026/01/02","木,-2026/01/01",水,水,2026/01/26#28,2026/01/28#28,2026/02/02#56,2026/02/09#56
東小田原町,,,,松山校区,"月木,-2026/01/01","月木,-2026/01/01","金,-2026/01/02",水,水,2026/01/27#28,2026/01/21#28,2026/02/10#56,2026/02/03#56
東小池町,,,,福岡校区,"月木,-2026/01/01","月木,-2026/01/01","金,-2026/01/02",水,水,2026/01/20#28,2026/01/21#28,2026/01/27#56,2026/03/03#56
東小浜町,,,,中野校区,"月木,-2026/01/01","月木,-2026/01/01","金,-2026/01/02",水,水,2026/01/27#28,2026/01/21#28,2026/02/10#56,2026/02/03#56
東新町,,,,旭校区,"月木,-2026/01/01","月木,-2026/01/01","金,-2026/01/02",水,水,2026/01/13#28,2026/02/04#28,2026/02/24#56,2026/01/20#56
東高田町,,,,天伯校区,"火金,-2026/01/02","火金,-2026/01/02","木,-2026/01/01",水,水,2026/01/26#28,2026/01/28#28,2026/02/02#56,2026/02/09#56
東七根町,下記以外,,,高豊校区,"火金,-2026/01/02","火金,-2026/01/02","木,-2026/01/01",水,水,2026/01/12#28,2026/01/14#28,2026/01/19#56,2026/02/23#56
東七根町,字西宝地道,,,天伯校区,"火金,-2026/01/02","火金,-2026/01/02","木,-2026/01/01",水,水,2026/01/26#28,2026/01/28#28,2026/02/02#56,2026/02/09#56
東橋良町,,,,福岡校区,"月木,-2026/01/01","月木,-2026/01/01","金,-2026/01/02",水,水,2026/01/20#28,2026/01/21#28,2026/01/27#56,2026/03/03#56
東細谷町,下記以外,,,細谷校区,"火金,-2026/01/02","火金,-2026/01/02","木,-2026/01/01",水,水,2026/02/02#28,2026/01/28#28,2026/01/26#56,2026/02/16#56
東細谷町,字一里山,,,二川南校区,"月木,-2026/01/01","月木,-2026/01/01","金,-2026/01/02",水,水,2026/01/27#28,2026/01/21#28,2026/02/10#56,2026/02/03#56
東細谷町,字境川,,,二川南校区,"月木,-2026/01/01","月木,-2026/01/01","金,-2026/01/02",水,水,2026/01/27#28,2026/01/21#28,2026/02/10#56,2026/02/03#56
東細谷町,字西篭田,,,二川南校区,"月木,-2026/01/01","月木,-2026/01/01","金,-2026/01/02",水,水,2026/01/27#28,2026/01/21#28,2026/02/10#56,2026/02/03#56
東細谷町,字東篭田,,,二川南校区,"月木,-2026/01/01","月木,-2026/01/01","金,-2026/01/02",水,水,2026/01/27#28,2026/01/21#28,2026/02/10#56,2026/02/03#56
東細谷町,字一リ山,,,二川南校区,"月木,-2026/01/01","月木,-2026/01/01","金,-2026/01/02",水,水,2026/01/27#28,2026/01/21#28,2026/02/10#56,2026/02/03#56
東松山町,,,,松山校区,"月木,-2026/01/01","月木,-2026/01/01","金,-2026/01/02",水,水,2026/01/27#28,2026/01/21#28,2026/02/10#56,2026/02/03#56
東幸町,,,,岩西校区,"月木,-2026/01/01","月木,-2026/01/01","金,-2026/01/02",水,水,2026/01/13#28,2026/02/04#28,2026/02/24#56,2026/01/20#56
東森岡一丁目,,,,玉川校区,"火金,-2026/01/02","火金,-2026/01/02","木,-2026/01/01",水,水,2026/01/19#28,2026/01/14#28,2026/03/02#56,2026/01/12#56
東森岡二丁目,,,,玉川校区,"火金,-2026/01/02","火金,-2026/01/02","木,-2026/01/01",水,水,2026/01/19#28,2026/01/14#28,2026/03/02#56,2026/01/12#56
東脇一丁目,1～30-9999,,,汐田校区,"火金,-2026/01/02","火金,-2026/01/02","木,-2026/01/01",水,水,2026/01/12#28,2026/01/14#28,2026/01/19#56,2026/02/23#56
東脇一丁目,31～35-9999,,,牟呂校区,"火金,-2026/01/02","火金,-2026/01/02","木,-2026/01/01",水,水,2026/01/26#28,2026/01/28#28,2026/02/02#56,2026/02/09#56
東脇二丁目,牟呂校区,,※校区が不明な場合は、校区検索< http://www.city.toyohashi.lg.jp/12080.htm >またはゼロカーボンシティ推進課　電話：0532-51-2399 へお問い合わせください。,牟呂校区,"火金,-2026/01/02","火金,-2026/01/02","木,-2026/01/01",水,水,2026/01/26#28,2026/01/28#28,2026/02/02#56,2026/02/09#56
東脇二丁目,汐田校区,,※校区が不明な場合は、校区検索< http://www.city.toyohashi.lg.jp/12080.htm >またはゼロカーボンシティ推進課　電話：0532-51-2399 へお問い合わせください。,汐田校区,"火金,-2026/01/02","火金,-2026/01/02","木,-2026/01/01",水,水,2026/01/12#28,2026/01/14#28,2026/01/19#56,2026/02/23#56
東脇三丁目,1～8-1,,,羽根井校区,"月木,-2026/01/01","月木,-2026/01/01","金,-2026/01/02",水,水,2026/01/13#28,2026/02/04#28,2026/02/24#56,2026/01/20#56
東脇三丁目,8-2～22-9999,,,汐田校区,"火金,-2026/01/02","火金,-2026/01/02","木,-2026/01/01",水,水,2026/01/12#28,2026/01/14#28,2026/01/19#56,2026/02/23#56
東脇四丁目,1～15-9999,,,汐田校区,"火金,-2026/01/02","火金,-2026/01/02","木,-2026/01/01",水,水,2026/01/12#28,2026/01/14#28,2026/01/19#56,2026/02/23#56
東脇四丁目,16～16-9999,,,牟呂校区,"火金,-2026/01/02","火金,-2026/01/02","木,-2026/01/01",水,水,2026/01/26#28,2026/01/28#28,2026/02/02#56,2026/02/09#56
東脇四丁目,17～24-9999,,,汐田校区,"火金,-2026/01/02","火金,-2026/01/02","木,-2026/01/01",水,水,2026/01/12#28,2026/01/14#28,2026/01/19#56,2026/02/23#56
日色野町,,,,前芝校区,"火金,-2026/01/02","火金,-2026/01/02","木,-2026/01/01",水,水,2026/02/02#28,2026/01/28#28,2026/01/26#56,2026/02/16#56
平川町,,,,岩田校区,"火金,-2026/01/02","火金,-2026/01/02","木,-2026/01/01",水,水,2026/01/19#28,2026/01/14#28,2026/03/02#56,2026/01/12#56
平川本町一丁目～三丁目,,,,岩田校区,"火金,-2026/01/02","火金,-2026/01/02","木,-2026/01/01",水,水,2026/01/19#28,2026/01/14#28,2026/03/02#56,2026/01/12#56
平川南町,,,,岩田校区,"火金,-2026/01/02","火金,-2026/01/02","木,-2026/01/01",水,水,2026/01/19#28,2026/01/14#28,2026/03/02#56,2026/01/12#56
広小路一丁目～三丁目,,,,松山校区,"月木,-2026/01/01","月木,-2026/01/01","金,-2026/01/02",水,水,2026/01/27#28,2026/01/21#28,2026/02/10#56,2026/02/03#56
福岡町,,,,福岡校区,"月木,-2026/01/01","月木,-2026/01/01","金,-2026/01/02",水,水,2026/01/20#28,2026/01/21#28,2026/01/27#56,2026/03/03#56
富久縞町,,,,吉田方校区,"火金,-2026/01/02","火金,-2026/01/02","木,-2026/01/01",水,水,2026/01/19#28,2026/01/14#28,2026/03/02#56,2026/01/12#56
藤沢町,,,,中野校区,"月木,-2026/01/01","月木,-2026/01/01","金,-2026/01/02",水,水,2026/01/27#28,2026/01/21#28,2026/02/10#56,2026/02/03#56
藤並町,,,,幸校区,"月木,-2026/01/01","月木,-2026/01/01","金,-2026/01/02",水,水,2026/01/20#28,2026/01/21#28,2026/01/27#56,2026/03/03#56
富士見台一丁目～六丁目,,,,富士見校区,"火金,-2026/01/02","火金,-2026/01/02","木,-2026/01/01",水,水,2026/01/12#28,2026/01/14#28,2026/01/19#56,2026/02/23#56
冨士見町,,,,小沢校区,"火金,-2026/01/02","火金,-2026/01/02","木,-2026/01/01",水,水,2026/02/02#28,2026/01/28#28,2026/01/26#56,2026/02/16#56
二川町,二川南校区,,※校区が不明な場合は、校区検索< http://www.city.toyohashi.lg.jp/12080.htm >またはゼロカーボンシティ推進課　電話：0532-51-2399 へお問い合わせください。,二川南校区,"月木,-2026/01/01","月木,-2026/01/01","金,-2026/01/02",水,水,2026/01/27#28,2026/01/21#28,2026/02/10#56,2026/02/03#56
二川町,二川校区,,※校区が不明な場合は、校区検索< http://www.city.toyohashi.lg.jp/12080.htm >またはゼロカーボンシティ推進課　電話：0532-51-2399 へお問い合わせください。,二川校区,"月木,-2026/01/01","月木,-2026/01/01","金,-2026/01/02",水,水,2026/01/13#28,2026/02/04#28,2026/02/24#56,2026/01/20#56
札木町,,,,新川校区,"月木,-2026/01/01","月木,-2026/01/01","金,-2026/01/02",水,水,2026/01/20#28,2026/01/21#28,2026/01/27#56,2026/03/03#56
船渡町,,,,大崎校区,"火金,-2026/01/02","火金,-2026/01/02","木,-2026/01/01",水,水,2026/01/19#28,2026/01/14#28,2026/03/02#56,2026/01/12#56
舟原町,,,,新川校区,"月木,-2026/01/01","月木,-2026/01/01","金,-2026/01/02",水,水,2026/01/20#28,2026/01/21#28,2026/01/27#56,2026/03/03#56
船町,,,,松葉校区,"月木,-2026/01/01","月木,-2026/01/01","金,-2026/01/02",水,水,2026/01/27#28,2026/01/21#28,2026/02/10#56,2026/02/03#56
豊栄町,,,,二川南校区,"月木,-2026/01/01","月木,-2026/01/01","金,-2026/01/02",水,水,2026/01/27#28,2026/01/21#28,2026/02/10#56,2026/02/03#56
豊清町,,,,二川南校区,"月木,-2026/01/01","月木,-2026/01/01","金,-2026/01/02",水,水,2026/01/27#28,2026/01/21#28,2026/02/10#56,2026/02/03#56
細谷町,下記以外,,,細谷校区,"火金,-2026/01/02","火金,-2026/01/02","木,-2026/01/01",水,水,2026/02/02#28,2026/01/28#28,2026/01/26#56,2026/02/16#56
細谷町,字東山,,,二川南校区,"月木,-2026/01/01","月木,-2026/01/01","金,-2026/01/02",水,水,2026/01/27#28,2026/01/21#28,2026/02/10#56,2026/02/03#56
細谷町,字山脇,,,二川南校区,"月木,-2026/01/01","月木,-2026/01/01","金,-2026/01/02",水,水,2026/01/27#28,2026/01/21#28,2026/02/10#56,2026/02/03#56
前芝町,,,,前芝校区,"火金,-2026/01/02","火金,-2026/01/02","木,-2026/01/01",水,水,2026/02/02#28,2026/01/28#28,2026/01/26#56,2026/02/16#56
前田町一丁目,,,,新川校区,"月木,-2026/01/01","月木,-2026/01/01","金,-2026/01/02",水,水,2026/01/20#28,2026/01/21#28,2026/01/27#56,2026/03/03#56
前田町二丁目,,,,新川校区,"月木,-2026/01/01","月木,-2026/01/01","金,-2026/01/02",水,水,2026/01/20#28,2026/01/21#28,2026/01/27#56,2026/03/03#56
前田中町,,,,新川校区,"月木,-2026/01/01","月木,-2026/01/01","金,-2026/01/02",水,水,2026/01/20#28,2026/01/21#28,2026/01/27#56,2026/03/03#56
前田南町一丁目,新川校区,,※校区が不明な場合は、校区検索< http://www.city.toyohashi.lg.jp/12080.htm >またはゼロカーボンシティ推進課　電話：0532-51-2399 へお問い合わせください。,新川校区,"月木,-2026/01/01","月木,-2026/01/01","金,-2026/01/02",水,水,2026/01/20#28,2026/01/21#28,2026/01/27#56,2026/03/03#56
前田南町一丁目,松山校区,,※校区が不明な場合は、校区検索< http://www.city.toyohashi.lg.jp/12080.htm >またはゼロカーボンシティ推進課　電話：0532-51-2399 へお問い合わせください。,松山校区,"月木,-2026/01/01","月木,-2026/01/01","金,-2026/01/02",水,水,2026/01/27#28,2026/01/21#28,2026/02/10#56,2026/02/03#56
前田南町二丁目,1～1-9999,,,新川校区,"月木,-2026/01/01","月木,-2026/01/01","金,-2026/01/02",水,水,2026/01/20#28,2026/01/21#28,2026/01/27#56,2026/03/03#56
前田南町二丁目,2～27-9999,,,松山校区,"月木,-2026/01/01","月木,-2026/01/01","金,-2026/01/02",水,水,2026/01/27#28,2026/01/21#28,2026/02/10#56,2026/02/03#56
前畑町,,,,旭校区,"月木,-2026/01/01","月木,-2026/01/01","金,-2026/01/02",水,水,2026/01/13#28,2026/02/04#28,2026/02/24#56,2026/01/20#56
牧野町,下記以外,,,幸校区,"月木,-2026/01/01","月木,-2026/01/01","金,-2026/01/02",水,水,2026/01/20#28,2026/01/21#28,2026/01/27#56,2026/03/03#56
牧野町,字牧野,栄校区,※校区が不明な場合は、校区検索< http://www.city.toyohashi.lg.jp/12080.htm >またはゼロカーボンシティ推進課　電話：0532-51-2399 へお問い合わせください。,栄校区,"月木,-2026/01/01","月木,-2026/01/01","金,-2026/01/02",水,水,2026/01/13#28,2026/02/04#28,2026/02/24#56,2026/01/20#56
牧野町,字牧野,幸校区,※校区が不明な場合は、校区検索< http://www.city.toyohashi.lg.jp/12080.htm >またはゼロカーボンシティ推進課　電話：0532-51-2399 へお問い合わせください。,幸校区,"月木,-2026/01/01","月木,-2026/01/01","金,-2026/01/02",水,水,2026/01/20#28,2026/01/21#28,2026/01/27#56,2026/03/03#56
町畑町,,,,栄校区,"月木,-2026/01/01","月木,-2026/01/01","金,-2026/01/02",水,水,2026/01/13#28,2026/02/04#28,2026/02/24#56,2026/01/20#56
松井町,字赤根,1～4-9999,,芦原校区,"月木,-2026/01/01","月木,-2026/01/01","金,-2026/01/02",水,水,2026/02/03#28,2026/02/04#28,2026/02/17#56,2026/01/13#56
松井町,字赤根,5～5-9999,,磯辺校区,"月木,-2026/01/01","月木,-2026/01/01","金,-2026/01/02",水,水,2026/02/03#28,2026/02/04#28,2026/02/17#56,2026/01/13#56
松井町,字赤根,6～55-9999,,芦原校区,"月木,-2026/01/01","月木,-2026/01/01","金,-2026/01/02",水,水,2026/02/03#28,2026/02/04#28,2026/02/17#56,2026/01/13#56
松井町,上記以外,,,芦原校区,"月木,-2026/01/01","月木,-2026/01/01","金,-2026/01/02",水,水,2026/02/03#28,2026/02/04#28,2026/02/17#56,2026/01/13#56
松葉町一丁目,,,,松山校区,"月木,-2026/01/01","月木,-2026/01/01","金,-2026/01/02",水,水,2026/01/27#28,2026/01/21#28,2026/02/10#56,2026/02/03#56
松葉町二丁目、三丁目,,,,松葉校区,"月木,-2026/01/01","月木,-2026/01/01","金,-2026/01/02",水,水,2026/01/27#28,2026/01/21#28,2026/02/10#56,2026/02/03#56
松村町,,,,福岡校区,"月木,-2026/01/01","月木,-2026/01/01","金,-2026/01/02",水,水,2026/01/20#28,2026/01/21#28,2026/01/27#56,2026/03/03#56
馬見塚町,,,,吉田方校区,"火金,-2026/01/02","火金,-2026/01/02","木,-2026/01/01",水,水,2026/01/19#28,2026/01/14#28,2026/03/02#56,2026/01/12#56
御園町,,,,東田校区,"火金,-2026/01/02","火金,-2026/01/02","木,-2026/01/01",水,水,2026/01/12#28,2026/01/14#28,2026/01/19#56,2026/02/23#56
三ツ相町,,,,吉田方校区,"火金,-2026/01/02","火金,-2026/01/02","木,-2026/01/01",水,水,2026/01/19#28,2026/01/14#28,2026/03/02#56,2026/01/12#56
三弥町,,,,二川南校区,"月木,-2026/01/01","月木,-2026/01/01","金,-2026/01/02",水,水,2026/01/27#28,2026/01/21#28,2026/02/10#56,2026/02/03#56
緑ケ丘一丁目、二丁目,,,,鷹丘校区,"火金,-2026/01/02","火金,-2026/01/02","木,-2026/01/01",水,水,2026/01/26#28,2026/01/28#28,2026/02/02#56,2026/02/09#56
湊町,,,,松葉校区,"月木,-2026/01/01","月木,-2026/01/01","金,-2026/01/02",水,水,2026/01/27#28,2026/01/21#28,2026/02/10#56,2026/02/03#56
南旭町,,,,旭校区,"月木,-2026/01/01","月木,-2026/01/01","金,-2026/01/02",水,水,2026/01/13#28,2026/02/04#28,2026/02/24#56,2026/01/20#56
南牛川一丁目,1～9-9999,,,牛川校区,"火金,-2026/01/02","火金,-2026/01/02","木,-2026/01/01",水,水,2026/01/12#28,2026/01/14#28,2026/01/19#56,2026/02/23#56
南牛川一丁目,10～23-9999,,,鷹丘校区,"火金,-2026/01/02","火金,-2026/01/02","木,-2026/01/01",水,水,2026/01/26#28,2026/01/28#28,2026/02/02#56,2026/02/09#56
南牛川一丁目,38-2,,,牛川校区,"火金,-2026/01/02","火金,-2026/01/02","木,-2026/01/01",水,水,2026/01/12#28,2026/01/14#28,2026/01/19#56,2026/02/23#56
南牛川二丁目,1～7-9999,,,牛川校区,"火金,-2026/01/02","火金,-2026/01/02","木,-2026/01/01",水,水,2026/01/12#28,2026/01/14#28,2026/01/19#56,2026/02/23#56
南牛川二丁目,8～8-9999,,,鷹丘校区,"火金,-2026/01/02","火金,-2026/01/02","木,-2026/01/01",水,水,2026/01/26#28,2026/01/28#28,2026/02/02#56,2026/02/09#56
南大清水町,字藤ヶ谷,,,大清水校区,"火金,-2026/01/02","火金,-2026/01/02","木,-2026/01/01",水,水,2026/02/02#28,2026/01/28#28,2026/01/26#56,2026/02/16#56
南大清水町,字富士見,大清水校区,※校区が不明な場合は、校区検索< http://www.city.toyohashi.lg.jp/12080.htm >またはゼロカーボンシティ推進課　電話：0532-51-2399 へお問い合わせください。,大清水校区,"火金,-2026/01/02","火金,-2026/01/02","木,-2026/01/01",水,水,2026/02/02#28,2026/01/28#28,2026/01/26#56,2026/02/16#56
南大清水町,字富士見,富士見校区,※校区が不明な場合は、校区検索< http://www.city.toyohashi.lg.jp/12080.htm >またはゼロカーボンシティ推進課　電話：0532-51-2399 へお問い合わせください。,富士見校区,"火金,-2026/01/02","火金,-2026/01/02","木,-2026/01/01",水,水,2026/01/12#28,2026/01/14#28,2026/01/19#56,2026/02/23#56
南大清水町,字元町,,,大清水校区,"火金,-2026/01/02","火金,-2026/01/02","木,-2026/01/01",水,水,2026/02/02#28,2026/01/28#28,2026/01/26#56,2026/02/16#56
南瓦町,,,,向山校区,"月木,-2026/01/01","月木,-2026/01/01","金,-2026/01/02",水,水,2026/02/03#28,2026/02/04#28,2026/02/17#56,2026/01/13#56
南小池町,下記以外,,,福岡校区,"月木,-2026/01/01","月木,-2026/01/01","金,-2026/01/02",水,水,2026/01/20#28,2026/01/21#28,2026/01/27#56,2026/03/03#56
南小池町,26～26-9999,,,栄校区,"月木,-2026/01/01","月木,-2026/01/01","金,-2026/01/02",水,水,2026/01/13#28,2026/02/04#28,2026/02/24#56,2026/01/20#56
南栄町,,,,栄校区,"月木,-2026/01/01","月木,-2026/01/01","金,-2026/01/02",水,水,2026/01/13#28,2026/02/04#28,2026/02/24#56,2026/01/20#56
南島町一丁目、二丁目,,,,松葉校区,"月木,-2026/01/01","月木,-2026/01/01","金,-2026/01/02",水,水,2026/01/27#28,2026/01/21#28,2026/02/10#56,2026/02/03#56
南松山町,,,,松山校区,"月木,-2026/01/01","月木,-2026/01/01","金,-2026/01/02",水,水,2026/01/27#28,2026/01/21#28,2026/02/10#56,2026/02/03#56
三ノ輪町,字白山,,,豊校区,"月木,-2026/01/01","月木,-2026/01/01","金,-2026/01/02",水,水,2026/01/27#28,2026/01/21#28,2026/02/10#56,2026/02/03#56
三ノ輪町,字本興寺,,,つつじが丘校区,"月木,-2026/01/01","月木,-2026/01/01","金,-2026/01/02",水,水,2026/01/20#28,2026/01/21#28,2026/01/27#56,2026/03/03#56
三ノ輪町,字三ノ輪,豊校区,※校区が不明な場合は、校区検索< http://www.city.toyohashi.lg.jp/12080.htm >またはゼロカーボンシティ推進課　電話：0532-51-2399 へお問い合わせください。,豊校区,"月木,-2026/01/01","月木,-2026/01/01","金,-2026/01/02",水,水,2026/01/27#28,2026/01/21#28,2026/02/10#56,2026/02/03#56
三ノ輪町,字三ノ輪,向山校区,※校区が不明な場合は、校区検索< http://www.city.toyohashi.lg.jp/12080.htm >またはゼロカーボンシティ推進課　電話：0532-51-2399 へお問い合わせください。,向山校区,"月木,-2026/01/01","月木,-2026/01/01","金,-2026/01/02",水,水,2026/02/03#28,2026/02/04#28,2026/02/17#56,2026/01/13#56
三ノ輪町一丁目,1～81-9999,,,豊校区,"月木,-2026/01/01","月木,-2026/01/01","金,-2026/01/02",水,水,2026/01/27#28,2026/01/21#28,2026/02/10#56,2026/02/03#56
三ノ輪町一丁目,82～90-9999,,,向山校区,"月木,-2026/01/01","月木,-2026/01/01","金,-2026/01/02",水,水,2026/02/03#28,2026/02/04#28,2026/02/17#56,2026/01/13#56
三ノ輪町一丁目,91～94-9999,,,豊校区,"月木,-2026/01/01","月木,-2026/01/01","金,-2026/01/02",水,水,2026/01/27#28,2026/01/21#28,2026/02/10#56,2026/02/03#56
三ノ輪町二丁目、三丁目,,,,豊校区,"月木,-2026/01/01","月木,-2026/01/01","金,-2026/01/02",水,水,2026/01/27#28,2026/01/21#28,2026/02/10#56,2026/02/03#56
三ノ輪町四丁目,1～75-9999,,,豊校区,"月木,-2026/01/01","月木,-2026/01/01","金,-2026/01/02",水,水,2026/01/27#28,2026/01/21#28,2026/02/10#56,2026/02/03#56
三ノ輪町四丁目,76～82-9999,,,向山校区,"月木,-2026/01/01","月木,-2026/01/01","金,-2026/01/02",水,水,2026/02/03#28,2026/02/04#28,2026/02/17#56,2026/01/13#56
三ノ輪町四丁目,83～83-9999,,,豊校区,"月木,-2026/01/01","月木,-2026/01/01","金,-2026/01/02",水,水,2026/01/27#28,2026/01/21#28,2026/02/10#56,2026/02/03#56
三ノ輪町四丁目,84～85-9999,,,向山校区,"月木,-2026/01/01","月木,-2026/01/01","金,-2026/01/02",水,水,2026/02/03#28,2026/02/04#28,2026/02/17#56,2026/01/13#56
三ノ輪町五丁目,下記以外,,,豊校区,"月木,-2026/01/01","月木,-2026/01/01","金,-2026/01/02",水,水,2026/01/27#28,2026/01/21#28,2026/02/10#56,2026/02/03#56
三ノ輪町五丁目,90～90-2,,,向山校区,"月木,-2026/01/01","月木,-2026/01/01","金,-2026/01/02",水,水,2026/02/03#28,2026/02/04#28,2026/02/17#56,2026/01/13#56
三ノ輪町五丁目,91-2～91-3,,,向山校区,"月木,-2026/01/01","月木,-2026/01/01","金,-2026/01/02",水,水,2026/02/03#28,2026/02/04#28,2026/02/17#56,2026/01/13#56
宮下町,,,,東田校区,"火金,-2026/01/02","火金,-2026/01/02","木,-2026/01/01",水,水,2026/01/12#28,2026/01/14#28,2026/01/19#56,2026/02/23#56
向山大池町,,,,向山校区,"月木,-2026/01/01","月木,-2026/01/01","金,-2026/01/02",水,水,2026/02/03#28,2026/02/04#28,2026/02/17#56,2026/01/13#56
向山台町,新川校区,,※校区が不明な場合は、校区検索< http://www.city.toyohashi.lg.jp/12080.htm >またはゼロカーボンシティ推進課　電話：0532-51-2399 へお問い合わせください。,新川校区,"月木,-2026/01/01","月木,-2026/01/01","金,-2026/01/02",水,水,2026/01/20#28,2026/01/21#28,2026/01/27#56,2026/03/03#56
向山台町,向山校区,,※校区が不明な場合は、校区検索< http://www.city.toyohashi.lg.jp/12080.htm >またはゼロカーボンシティ推進課　電話：0532-51-2399 へお問い合わせください。,向山校区,"月木,-2026/01/01","月木,-2026/01/01","金,-2026/01/02",水,水,2026/02/03#28,2026/02/04#28,2026/02/17#56,2026/01/13#56
向山町,下記以外,,,向山校区,"月木,-2026/01/01","月木,-2026/01/01","金,-2026/01/02",水,水,2026/02/03#28,2026/02/04#28,2026/02/17#56,2026/01/13#56
向山町,字一本松,1～1-9999,,向山校区,"月木,-2026/01/01","月木,-2026/01/01","金,-2026/01/02",水,水,2026/02/03#28,2026/02/04#28,2026/02/17#56,2026/01/13#56
向山町,字一本松,2～30-9999,,新川校区,"月木,-2026/01/01","月木,-2026/01/01","金,-2026/01/02",水,水,2026/01/20#28,2026/01/21#28,2026/01/27#56,2026/03/03#56
向山町,字庚申下,1-1,,新川校区,"月木,-2026/01/01","月木,-2026/01/01","金,-2026/01/02",水,水,2026/01/20#28,2026/01/21#28,2026/01/27#56,2026/03/03#56
向山町,字庚申下,6～6-9999,,向山校区,"月木,-2026/01/01","月木,-2026/01/01","金,-2026/01/02",水,水,2026/02/03#28,2026/02/04#28,2026/02/17#56,2026/01/13#56
向山町,字庚申下,7～40-9999,,新川校区,"月木,-2026/01/01","月木,-2026/01/01","金,-2026/01/02",水,水,2026/01/20#28,2026/01/21#28,2026/01/27#56,2026/03/03#56
向山町,字七面,,,松山校区,"月木,-2026/01/01","月木,-2026/01/01","金,-2026/01/02",水,水,2026/01/27#28,2026/01/21#28,2026/02/10#56,2026/02/03#56
向山町,字三ッ塚,向山校区,※校区が不明な場合は、校区検索< http://www.city.toyohashi.lg.jp/12080.htm >またはゼロカーボンシティ推進課　電話：0532-51-2399 へお問い合わせください。,向山校区,"月木,-2026/01/01","月木,-2026/01/01","金,-2026/01/02",水,水,2026/02/03#28,2026/02/04#28,2026/02/17#56,2026/01/13#56
向山町,字三ッ塚,新川校区,※校区が不明な場合は、校区検索< http://www.city.toyohashi.lg.jp/12080.htm >またはゼロカーボンシティ推進課　電話：0532-51-2399 へお問い合わせください。,新川校区,"月木,-2026/01/01","月木,-2026/01/01","金,-2026/01/02",水,水,2026/01/20#28,2026/01/21#28,2026/01/27#56,2026/03/03#56
向山西町,,,,向山校区,"月木,-2026/01/01","月木,-2026/01/01","金,-2026/01/02",水,水,2026/02/03#28,2026/02/04#28,2026/02/17#56,2026/01/13#56
向山東町,,,,向山校区,"月木,-2026/01/01","月木,-2026/01/01","金,-2026/01/02",水,水,2026/02/03#28,2026/02/04#28,2026/02/17#56,2026/01/13#56
向草間町,字北新切,,,磯辺校区,"月木,-2026/01/01","月木,-2026/01/01","金,-2026/01/02",水,水,2026/02/03#28,2026/02/04#28,2026/02/17#56,2026/01/13#56
向草間町,字日雇取,,,磯辺校区,"月木,-2026/01/01","月木,-2026/01/01","金,-2026/01/02",水,水,2026/02/03#28,2026/02/04#28,2026/02/17#56,2026/01/13#56
向草間町,字向郷,,,磯辺校区,"月木,-2026/01/01","月木,-2026/01/01","金,-2026/01/02",水,水,2026/02/03#28,2026/02/04#28,2026/02/17#56,2026/01/13#56
向草間町,字向中,,,磯辺校区,"月木,-2026/01/01","月木,-2026/01/01","金,-2026/01/02",水,水,2026/02/03#28,2026/02/04#28,2026/02/17#56,2026/01/13#56
向草間町,字向西,46～64-9999,,磯辺校区,"月木,-2026/01/01","月木,-2026/01/01","金,-2026/01/02",水,水,2026/02/03#28,2026/02/04#28,2026/02/17#56,2026/01/13#56
向草間町,字向西,65～67-9999,,芦原校区,"月木,-2026/01/01","月木,-2026/01/01","金,-2026/01/02",水,水,2026/02/03#28,2026/02/04#28,2026/02/17#56,2026/01/13#56
向草間町,字向西,68～73-9999,,磯辺校区,"月木,-2026/01/01","月木,-2026/01/01","金,-2026/01/02",水,水,2026/02/03#28,2026/02/04#28,2026/02/17#56,2026/01/13#56
向草間町,字向西,117～166-9999,,磯辺校区,"月木,-2026/01/01","月木,-2026/01/01","金,-2026/01/02",水,水,2026/02/03#28,2026/02/04#28,2026/02/17#56,2026/01/13#56
牟呂町,字市場,,,牟呂校区,"火金,-2026/01/02","火金,-2026/01/02","木,-2026/01/01",水,水,2026/01/26#28,2026/01/28#28,2026/02/02#56,2026/02/09#56
牟呂町,字市道,,,牟呂校区,"火金,-2026/01/02","火金,-2026/01/02","木,-2026/01/01",水,水,2026/01/26#28,2026/01/28#28,2026/02/02#56,2026/02/09#56
牟呂町,字一本木,1～7-9999,,牟呂校区,"火金,-2026/01/02","火金,-2026/01/02","木,-2026/01/01",水,水,2026/01/26#28,2026/01/28#28,2026/02/02#56,2026/02/09#56
牟呂町,字一本木,12～25-9999,,花田校区,"月木,-2026/01/01","月木,-2026/01/01","金,-2026/01/02",水,水,2026/02/03#28,2026/02/04#28,2026/02/17#56,2026/01/13#56
牟呂町,字一本木,26～28-1,,牟呂校区,"火金,-2026/01/02","火金,-2026/01/02","木,-2026/01/01",水,水,2026/01/26#28,2026/01/28#28,2026/02/02#56,2026/02/09#56
牟呂町,字一本木,28-2～28-3,,花田校区,"月木,-2026/01/01","月木,-2026/01/01","金,-2026/01/02",水,水,2026/02/03#28,2026/02/04#28,2026/02/17#56,2026/01/13#56
牟呂町,字一本木,29～80-9999,,花田校区,"月木,-2026/01/01","月木,-2026/01/01","金,-2026/01/02",水,水,2026/02/03#28,2026/02/04#28,2026/02/17#56,2026/01/13#56
牟呂町,字内田,,,牟呂校区,"火金,-2026/01/02","火金,-2026/01/02","木,-2026/01/01",水,水,2026/01/26#28,2026/01/28#28,2026/02/02#56,2026/02/09#56
牟呂町,字大海津,,,牟呂校区,"火金,-2026/01/02","火金,-2026/01/02","木,-2026/01/01",水,水,2026/01/26#28,2026/01/28#28,2026/02/02#56,2026/02/09#56
牟呂町,字扇田,,,羽根井校区,"月木,-2026/01/01","月木,-2026/01/01","金,-2026/01/02",水,水,2026/01/13#28,2026/02/04#28,2026/02/24#56,2026/01/20#56
牟呂町,字大塚,,,汐田校区,"火金,-2026/01/02","火金,-2026/01/02","木,-2026/01/01",水,水,2026/01/12#28,2026/01/14#28,2026/01/19#56,2026/02/23#56
牟呂町,字大西,,,牟呂校区,"火金,-2026/01/02","火金,-2026/01/02","木,-2026/01/01",水,水,2026/01/26#28,2026/01/28#28,2026/02/02#56,2026/02/09#56
牟呂町,字奥山,,,汐田校区,"火金,-2026/01/02","火金,-2026/01/02","木,-2026/01/01",水,水,2026/01/12#28,2026/01/14#28,2026/01/19#56,2026/02/23#56
牟呂町,字奥山新田,,,汐田校区,"火金,-2026/01/02","火金,-2026/01/02","木,-2026/01/01",水,水,2026/01/12#28,2026/01/14#28,2026/01/19#56,2026/02/23#56
牟呂町,字桶口下,,,牟呂校区,"火金,-2026/01/02","火金,-2026/01/02","木,-2026/01/01",水,水,2026/01/26#28,2026/01/28#28,2026/02/02#56,2026/02/09#56
牟呂町,字北汐田,,,汐田校区,"火金,-2026/01/02","火金,-2026/01/02","木,-2026/01/01",水,水,2026/01/12#28,2026/01/14#28,2026/01/19#56,2026/02/23#56
牟呂町,字公文,,,牟呂校区,"火金,-2026/01/02","火金,-2026/01/02","木,-2026/01/01",水,水,2026/01/26#28,2026/01/28#28,2026/02/02#56,2026/02/09#56
牟呂町,字古田,,,汐田校区,"火金,-2026/01/02","火金,-2026/01/02","木,-2026/01/01",水,水,2026/01/12#28,2026/01/14#28,2026/01/19#56,2026/02/23#56
牟呂町,字古幡焼,,,汐田校区,"火金,-2026/01/02","火金,-2026/01/02","木,-2026/01/01",水,水,2026/01/12#28,2026/01/14#28,2026/01/19#56,2026/02/23#56
牟呂町,字郷社,1～2-1,,牟呂校区,"火金,-2026/01/02","火金,-2026/01/02","木,-2026/01/01",水,水,2026/01/26#28,2026/01/28#28,2026/02/02#56,2026/02/09#56
牟呂町,字郷社,2-2～2-31,,花田校区,"月木,-2026/01/01","月木,-2026/01/01","金,-2026/01/02",水,水,2026/02/03#28,2026/02/04#28,2026/02/17#56,2026/01/13#56
牟呂町,字郷社西,花田校区,※校区が不明な場合は、校区検索< http://www.city.toyohashi.lg.jp/12080.htm >またはゼロカーボンシティ推進課　電話：0532-51-2399 へお問い合わせください。,花田校区,"月木,-2026/01/01","月木,-2026/01/01","金,-2026/01/02",水,水,2026/02/03#28,2026/02/04#28,2026/02/17#56,2026/01/13#56
牟呂町,字郷社西,牟呂校区,※校区が不明な場合は、校区検索< http://www.city.toyohashi.lg.jp/12080.htm >またはゼロカーボンシティ推進課　電話：0532-51-2399 へお問い合わせください。,牟呂校区,"火金,-2026/01/02","火金,-2026/01/02","木,-2026/01/01",水,水,2026/01/26#28,2026/01/28#28,2026/02/02#56,2026/02/09#56
牟呂町,字境松,,,牟呂校区,"火金,-2026/01/02","火金,-2026/01/02","木,-2026/01/01",水,水,2026/01/26#28,2026/01/28#28,2026/02/02#56,2026/02/09#56
牟呂町,字坂津,,,牟呂校区,"火金,-2026/01/02","火金,-2026/01/02","木,-2026/01/01",水,水,2026/01/26#28,2026/01/28#28,2026/02/02#56,2026/02/09#56
牟呂町,字作神,,,牟呂校区,"火金,-2026/01/02","火金,-2026/01/02","木,-2026/01/01",水,水,2026/01/26#28,2026/01/28#28,2026/02/02#56,2026/02/09#56
牟呂町,字水神,,,牟呂校区,"火金,-2026/01/02","火金,-2026/01/02","木,-2026/01/01",水,水,2026/01/26#28,2026/01/28#28,2026/02/02#56,2026/02/09#56
牟呂町,字大師孝,,,牟呂校区,"火金,-2026/01/02","火金,-2026/01/02","木,-2026/01/01",水,水,2026/01/26#28,2026/01/28#28,2026/02/02#56,2026/02/09#56
牟呂町,字田成,,,牟呂校区,"火金,-2026/01/02","火金,-2026/01/02","木,-2026/01/01",水,水,2026/01/26#28,2026/01/28#28,2026/02/02#56,2026/02/09#56
牟呂町,字築根,,,牟呂校区,"火金,-2026/01/02","火金,-2026/01/02","木,-2026/01/01",水,水,2026/01/26#28,2026/01/28#28,2026/02/02#56,2026/02/09#56
牟呂町,字外神,,,牟呂校区,"火金,-2026/01/02","火金,-2026/01/02","木,-2026/01/01",水,水,2026/01/26#28,2026/01/28#28,2026/02/02#56,2026/02/09#56
牟呂町,字中西,,,汐田校区,"火金,-2026/01/02","火金,-2026/01/02","木,-2026/01/01",水,水,2026/01/12#28,2026/01/14#28,2026/01/19#56,2026/02/23#56
牟呂町,字中村,,,牟呂校区,"火金,-2026/01/02","火金,-2026/01/02","木,-2026/01/01",水,水,2026/01/26#28,2026/01/28#28,2026/02/02#56,2026/02/09#56
牟呂町,字西明治圦添,,,牟呂校区,"火金,-2026/01/02","火金,-2026/01/02","木,-2026/01/01",水,水,2026/01/26#28,2026/01/28#28,2026/02/02#56,2026/02/09#56
牟呂町,字西明治沖坪,,,牟呂校区,"火金,-2026/01/02","火金,-2026/01/02","木,-2026/01/01",水,水,2026/01/26#28,2026/01/28#28,2026/02/02#56,2026/02/09#56
牟呂町,字西明治川東,,,牟呂校区,"火金,-2026/01/02","火金,-2026/01/02","木,-2026/01/01",水,水,2026/01/26#28,2026/01/28#28,2026/02/02#56,2026/02/09#56
牟呂町,字西明治源助堀,,,牟呂校区,"火金,-2026/01/02","火金,-2026/01/02","木,-2026/01/01",水,水,2026/01/26#28,2026/01/28#28,2026/02/02#56,2026/02/09#56
牟呂町,字西明治新右前,,,牟呂校区,"火金,-2026/01/02","火金,-2026/01/02","木,-2026/01/01",水,水,2026/01/26#28,2026/01/28#28,2026/02/02#56,2026/02/09#56
牟呂町,字西明治大道下,,,牟呂校区,"火金,-2026/01/02","火金,-2026/01/02","木,-2026/01/01",水,水,2026/01/26#28,2026/01/28#28,2026/02/02#56,2026/02/09#56
牟呂町,字八王子,,,牟呂校区,"火金,-2026/01/02","火金,-2026/01/02","木,-2026/01/01",水,水,2026/01/26#28,2026/01/28#28,2026/02/02#56,2026/02/09#56
牟呂町,字東里,1～22-9999,,福岡校区,"月木,-2026/01/01","月木,-2026/01/01","金,-2026/01/02",水,水,2026/01/20#28,2026/01/21#28,2026/01/27#56,2026/03/03#56
牟呂町,字東里,23～65-9999,,汐田校区,"火金,-2026/01/02","火金,-2026/01/02","木,-2026/01/01",水,水,2026/01/12#28,2026/01/14#28,2026/01/19#56,2026/02/23#56
牟呂町,字東明治圦裏,,,牟呂校区,"火金,-2026/01/02","火金,-2026/01/02","木,-2026/01/01",水,水,2026/01/26#28,2026/01/28#28,2026/02/02#56,2026/02/09#56
牟呂町,字東明治沖坪,,,牟呂校区,"火金,-2026/01/02","火金,-2026/01/02","木,-2026/01/01",水,水,2026/01/26#28,2026/01/28#28,2026/02/02#56,2026/02/09#56
牟呂町,字東明治川添,,,牟呂校区,"火金,-2026/01/02","火金,-2026/01/02","木,-2026/01/01",水,水,2026/01/26#28,2026/01/28#28,2026/02/02#56,2026/02/09#56
牟呂町,字東明治郷下,,,牟呂校区,"火金,-2026/01/02","火金,-2026/01/02","木,-2026/01/01",水,水,2026/01/26#28,2026/01/28#28,2026/02/02#56,2026/02/09#56
牟呂町,字東明治橋下,,,牟呂校区,"火金,-2026/01/02","火金,-2026/01/02","木,-2026/01/01",水,水,2026/01/26#28,2026/01/28#28,2026/02/02#56,2026/02/09#56
牟呂町,字百間,,,汐田校区,"火金,-2026/01/02","火金,-2026/01/02","木,-2026/01/01",水,水,2026/01/12#28,2026/01/14#28,2026/01/19#56,2026/02/23#56
牟呂町,字真裏口,,,牟呂校区,"火金,-2026/01/02","火金,-2026/01/02","木,-2026/01/01",水,水,2026/01/26#28,2026/01/28#28,2026/02/02#56,2026/02/09#56
牟呂町,字松崎,1～22-9999,,汐田校区,"火金,-2026/01/02","火金,-2026/01/02","木,-2026/01/01",水,水,2026/01/12#28,2026/01/14#28,2026/01/19#56,2026/02/23#56
牟呂町,字松崎,23～46-9999,,福岡校区,"月木,-2026/01/01","月木,-2026/01/01","金,-2026/01/02",水,水,2026/01/20#28,2026/01/21#28,2026/01/27#56,2026/03/03#56
牟呂町,字松島,,,汐田校区,"火金,-2026/01/02","火金,-2026/01/02","木,-2026/01/01",水,水,2026/01/12#28,2026/01/14#28,2026/01/19#56,2026/02/23#56
牟呂町,字松島東,,,汐田校区,"火金,-2026/01/02","火金,-2026/01/02","木,-2026/01/01",水,水,2026/01/12#28,2026/01/14#28,2026/01/19#56,2026/02/23#56
牟呂町,字松東,,,汐田校区,"火金,-2026/01/02","火金,-2026/01/02","木,-2026/01/01",水,水,2026/01/12#28,2026/01/14#28,2026/01/19#56,2026/02/23#56
牟呂町,字三ッ山,,,牟呂校区,"火金,-2026/01/02","火金,-2026/01/02","木,-2026/01/01",水,水,2026/01/26#28,2026/01/28#28,2026/02/02#56,2026/02/09#56
牟呂町,字南汐田,,,汐田校区,"火金,-2026/01/02","火金,-2026/01/02","木,-2026/01/01",水,水,2026/01/12#28,2026/01/14#28,2026/01/19#56,2026/02/23#56
牟呂町,字若宮,,,牟呂校区,"火金,-2026/01/02","火金,-2026/01/02","木,-2026/01/01",水,水,2026/01/26#28,2026/01/28#28,2026/02/02#56,2026/02/09#56
牟呂市場町,,,,牟呂校区,"火金,-2026/01/02","火金,-2026/01/02","木,-2026/01/01",水,水,2026/01/26#28,2026/01/28#28,2026/02/02#56,2026/02/09#56
牟呂大西町,,,,牟呂校区,"火金,-2026/01/02","火金,-2026/01/02","木,-2026/01/01",水,水,2026/01/26#28,2026/01/28#28,2026/02/02#56,2026/02/09#56
牟呂公文町,,,,牟呂校区,"火金,-2026/01/02","火金,-2026/01/02","木,-2026/01/01",水,水,2026/01/26#28,2026/01/28#28,2026/02/02#56,2026/02/09#56
牟呂水神町,,,,牟呂校区,"火金,-2026/01/02","火金,-2026/01/02","木,-2026/01/01",水,水,2026/01/26#28,2026/01/28#28,2026/02/02#56,2026/02/09#56
牟呂外神町,,,,牟呂校区,"火金,-2026/01/02","火金,-2026/01/02","木,-2026/01/01",水,水,2026/01/26#28,2026/01/28#28,2026/02/02#56,2026/02/09#56
牟呂中村町,,,,牟呂校区,"火金,-2026/01/02","火金,-2026/01/02","木,-2026/01/01",水,水,2026/01/26#28,2026/01/28#28,2026/02/02#56,2026/02/09#56
森岡町,,,,玉川校区,"火金,-2026/01/02","火金,-2026/01/02","木,-2026/01/01",水,水,2026/01/19#28,2026/01/14#28,2026/03/02#56,2026/01/12#56
柳生町,,,,福岡校区,"月木,-2026/01/01","月木,-2026/01/01","金,-2026/01/02",水,水,2026/01/20#28,2026/01/21#28,2026/01/27#56,2026/03/03#56
八通町,,,,羽根井校区,"月木,-2026/01/01","月木,-2026/01/01","金,-2026/01/02",水,水,2026/01/13#28,2026/02/04#28,2026/02/24#56,2026/01/20#56
山田町,,,,栄校区,"月木,-2026/01/01","月木,-2026/01/01","金,-2026/01/02",水,水,2026/01/13#28,2026/02/04#28,2026/02/24#56,2026/01/20#56
山田一番町～三番町,,,,栄校区,"月木,-2026/01/01","月木,-2026/01/01","金,-2026/01/02",水,水,2026/01/13#28,2026/02/04#28,2026/02/24#56,2026/01/20#56
弥生町,字中原,,,栄校区,"月木,-2026/01/01","月木,-2026/01/01","金,-2026/01/02",水,水,2026/01/13#28,2026/02/04#28,2026/02/24#56,2026/01/20#56
弥生町,字西豊和,,,栄校区,"月木,-2026/01/01","月木,-2026/01/01","金,-2026/01/02",水,水,2026/01/13#28,2026/02/04#28,2026/02/24#56,2026/01/20#56
弥生町,字東豊和,,,栄校区,"月木,-2026/01/01","月木,-2026/01/01","金,-2026/01/02",水,水,2026/01/13#28,2026/02/04#28,2026/02/24#56,2026/01/20#56
弥生町,字松原,,,幸校区,"月木,-2026/01/01","月木,-2026/01/01","金,-2026/01/02",水,水,2026/01/20#28,2026/01/21#28,2026/01/27#56,2026/03/03#56
有楽町,,,,福岡校区,"月木,-2026/01/01","月木,-2026/01/01","金,-2026/01/02",水,水,2026/01/20#28,2026/01/21#28,2026/01/27#56,2026/03/03#56
横須賀町,,,,津田校区,"火金,-2026/01/02","火金,-2026/01/02","木,-2026/01/01",水,水,2026/01/26#28,2026/01/28#28,2026/02/02#56,2026/02/09#56
吉川町,,,,吉田方校区,"火金,-2026/01/02","火金,-2026/01/02","木,-2026/01/01",水,水,2026/01/19#28,2026/01/14#28,2026/03/02#56,2026/01/12#56
吉前町,,,,吉田方校区,"火金,-2026/01/02","火金,-2026/01/02","木,-2026/01/01",水,水,2026/01/19#28,2026/01/14#28,2026/03/02#56,2026/01/12#56
若松町,,,,野依校区,"火金,-2026/01/02","火金,-2026/01/02","木,-2026/01/01",水,水,2026/02/02#28,2026/01/28#28,2026/01/26#56,2026/02/16#56
